Train signal size,Train background size,Validation signal size,Validation background size,Test signal size,Test background size,Loss,ACC,AUC,Sample Type,Model Name,Training epochs,time,ACC_6b,AUC_6b
17500,17500,3750,3750,3750,3750,0.4000150859355926,0.8341333333333333,0.9000019911111111,"Resonant, Absolute value pairing",resonant_abs_pairing_01,70,2024-10-08 14:15:53.136997,,
17500,17500,3750,3750,3750,3750,0.4088380336761474,0.8308,0.900768071111111,"Resonant, 4b SPANet pairing",resonant_4b_SPANet_pairing_01,53,2024-10-08 14:18:22.745623,,
17500,17500,3750,3750,3750,3750,0.3916882872581482,0.8394666666666667,0.90444672,"Resonant, Absolute value pairing",resonant_abs_pairing_02,69,2024-10-08 14:18:48.981801,,
17500,17500,3750,3750,3750,3750,0.4007488191127777,0.8293333333333334,0.9013965155555556,"Resonant, 4b SPANet pairing",resonant_4b_SPANet_pairing_02,59,2024-10-08 14:20:54.007776,,
17500,17500,3750,3750,3750,3750,0.3975976705551147,0.8381333333333333,0.9018100622222224,"Resonant, Absolute value pairing",resonant_abs_pairing_03,62,2024-10-08 14:21:28.973847,,
17500,17500,3750,3750,3750,3750,0.4126607477664947,0.8325333333333333,0.8914146844444445,"Resonant, Absolute value pairing",resonant_abs_pairing_04,36,2024-10-08 14:23:08.763513,,
17500,17500,3750,3750,3750,3750,0.3902733922004699,0.8352,0.9049553777777778,"Resonant, 4b SPANet pairing",resonant_4b_SPANet_pairing_03,84,2024-10-08 14:24:18.494363,,
17500,17500,3750,3750,3750,3750,0.3938503563404083,0.8374666666666667,0.9039329777777778,"Resonant, Absolute value pairing",resonant_abs_pairing_05,59,2024-10-08 14:25:37.592434,,
17500,17500,3750,3750,3750,3750,0.3958881795406341,0.8345333333333333,0.9032357688888888,"Resonant, 4b SPANet pairing",resonant_4b_SPANet_pairing_04,72,2024-10-08 14:27:17.224637,,
17500,17500,3750,3750,3750,3750,0.3924488425254822,0.8378666666666666,0.9039553422222222,"Resonant, Absolute value pairing",resonant_abs_pairing_06,58,2024-10-08 14:28:10.702759,,
17500,17500,3750,3750,3750,3750,0.4443058669567108,0.8165333333333333,0.8815348266666668,"Resonant, 4b SPANet pairing",resonant_4b_SPANet_pairing_05,41,2024-10-08 14:29:02.647874,,
17500,17500,3750,3750,3750,3750,0.4019445776939392,0.8349333333333333,0.8997226666666666,"Resonant, Absolute value pairing",resonant_abs_pairing_07,47,2024-10-08 14:30:14.777535,,
17500,17500,3750,3750,3750,3750,0.3987322151660919,0.8356,0.9009704177777778,"Resonant, 4b SPANet pairing",resonant_4b_SPANet_pairing_06,41,2024-10-08 14:30:48.442429,,
17500,17500,3750,3750,3750,3750,0.4049935936927795,0.8358666666666666,0.8958124088888888,"Resonant, Absolute value pairing",resonant_abs_pairing_08,58,2024-10-08 14:32:41.813648,,
17500,17500,3750,3750,3750,3750,0.4117040336132049,0.8312,0.8994077511111112,"Resonant, 4b SPANet pairing",resonant_4b_SPANet_pairing_07,65,2024-10-08 14:33:29.618425,,
17500,17500,3750,3750,3750,3750,0.3920983076095581,0.8386666666666667,0.9029912888888888,"Resonant, Absolute value pairing",resonant_abs_pairing_09,75,2024-10-08 14:35:48.894093,,
17500,17500,3750,3750,3750,3750,0.3863411843776703,0.8382666666666667,0.9078664533333332,"Resonant, 4b SPANet pairing",resonant_4b_SPANet_pairing_08,93,2024-10-08 14:37:16.019046,,
17500,17500,3750,3750,3750,3750,0.4232139587402344,0.8322666666666667,0.8891038933333333,"Resonant, Absolute value pairing",resonant_abs_pairing_10,48,2024-10-08 14:37:55.601129,,
17500,17500,3750,3750,3750,3750,0.4020077884197235,0.8313333333333334,0.902494008888889,"Resonant, 4b SPANet pairing",resonant_4b_SPANet_pairing_09,70,2024-10-08 14:40:07.164637,,
17500,17500,3750,3750,3750,3750,0.4023851752281189,0.8298666666666666,0.90165344,"Resonant, 4b SPANet pairing",resonant_4b_SPANet_pairing_10,65,2024-10-08 14:42:45.604540,,
17500,17500,3750,3750,3750,3750,0.4059887826442718,0.8329333333333333,0.8983084088888889,"Resonant, chi2 pairing",resonant_chi2_pairing_01,50,2024-10-08 14:47:09.719155,,
17500,17500,3750,3750,3750,3750,0.3908442854881286,0.8373333333333334,0.9058002133333334,"Resonant, chi2 pairing",resonant_chi2_pairing_06,66,2024-10-08 14:47:40.464387,,
17500,17500,3750,3750,3750,3750,0.4103357493877411,0.8329333333333333,0.8980699377777779,"Resonant, chi2 pairing",resonant_chi2_pairing_02,52,2024-10-08 14:49:27.007825,,
17500,17500,3750,3750,3750,3750,0.3953470289707184,0.8369333333333333,0.90412544,"Resonant, chi2 pairing",resonant_chi2_pairing_07,75,2024-10-08 14:50:46.657336,,
17500,17500,3750,3750,3750,3750,0.3999965786933899,0.8344,0.9008585244444444,"Resonant, chi2 pairing",resonant_chi2_pairing_08,58,2024-10-08 14:53:21.277777,,
17500,17500,3750,3750,3750,3750,0.3920032083988189,0.8366666666666667,0.9043610666666666,"Resonant, chi2 pairing",resonant_chi2_pairing_04,101,2024-10-08 14:54:22.645065,,
17500,17500,3750,3750,3750,3750,0.4030252397060394,0.8341333333333333,0.8986145066666668,"Resonant, chi2 pairing",resonant_chi2_pairing_09,46,2024-10-08 14:55:19.651890,,
17500,17500,3750,3750,3750,3750,0.3944016396999359,0.8373333333333334,0.9047246222222224,"Resonant, chi2 pairing",resonant_chi2_pairing_05,81,2024-10-08 14:57:48.914757,,
17500,17500,3750,3750,3750,3750,0.4004190862178802,0.8345333333333333,0.9007408355555556,"Resonant, chi2 pairing",resonant_chi2_pairing_10,68,2024-10-08 14:58:14.083257,,
17500,17500,3750,3750,3750,3750,0.3929091691970825,0.8388,0.9039141688888888,"Resonant, chi2 pairing",resonant_chi2_pairing_03,66,2024-10-08 15:01:34.139918,,
35000,35000,7500,7500,7500,7500,0.3782263100147247,0.8478,0.9132529244444444,"Resonant, Absolute value pairing",resonant_abs_pairing_01,55,2024-10-29 14:58:24.633993,,
35000,35000,7500,7500,7500,7500,0.3838478922843933,0.838,0.9114285511111112,"Resonant, 4b SPANet pairing",resonant_4b_SPANet_pairing_07,53,2024-10-29 14:59:31.097571,,
35000,35000,7500,7500,7500,7500,0.3960425555706024,0.8348,0.9049644888888888,"Resonant, 4b SPANet pairing",resonant_4b_SPANet_pairing_08,43,2024-10-29 15:02:29.999374,,
35000,35000,7500,7500,7500,7500,0.3744373619556427,0.8492,0.9136558133333336,"Resonant, Absolute value pairing",resonant_abs_pairing_02,74,2024-10-29 15:03:25.453882,,
35000,35000,7500,7500,7500,7500,0.3797588348388672,0.8427333333333333,0.912462168888889,"Resonant, 4b SPANet pairing",resonant_4b_SPANet_pairing_10,51,2024-10-29 15:07:03.850305,,
35000,35000,7500,7500,7500,7500,0.3795227110385895,0.8457333333333333,0.9110812533333336,"Resonant, Absolute value pairing",resonant_abs_pairing_03,55,2024-10-29 15:07:15.733904,,
35000,35000,7500,7500,7500,7500,0.3990638852119446,0.8382666666666667,0.901910702222222,"Resonant, chi2 pairing",resonant_chi2_pairing_01,35,2024-10-29 15:09:32.808552,,
35000,35000,7500,7500,7500,7500,0.3957871496677398,0.8418,0.9037456088888888,"Resonant, Absolute value pairing",resonant_abs_pairing_04,33,2024-10-29 15:09:36.242730,,
35000,35000,7500,7500,7500,7500,0.3809367418289184,0.8472666666666666,0.9105183555555556,"Resonant, Absolute value pairing",resonant_abs_pairing_05,52,2024-10-29 15:13:15.692400,,
35000,35000,7500,7500,7500,7500,0.3849543333053589,0.8444,0.9103847022222222,"Resonant, chi2 pairing",resonant_chi2_pairing_02,63,2024-10-29 15:13:52.819566,,
35000,35000,7500,7500,7500,7500,0.3839467167854309,0.8464,0.9104672444444444,"Resonant, Absolute value pairing",resonant_abs_pairing_06,60,2024-10-29 15:17:17.110563,,
35000,35000,7500,7500,7500,7500,0.3813776075839996,0.8452666666666667,0.9092760355555556,"Resonant, chi2 pairing",resonant_chi2_pairing_03,57,2024-10-29 15:17:46.271786,,
35000,35000,7500,7500,7500,7500,0.4018539786338806,0.845,0.9057472533333332,"Resonant, Absolute value pairing",resonant_abs_pairing_07,36,2024-10-29 15:19:46.378054,,
35000,35000,7500,7500,7500,7500,0.377179741859436,0.8491333333333333,0.9144241688888888,"Resonant, chi2 pairing",resonant_chi2_pairing_04,78,2024-10-29 15:23:00.635484,,
35000,35000,7500,7500,7500,7500,0.3839522004127502,0.8449333333333333,0.907983848888889,"Resonant, Absolute value pairing",resonant_abs_pairing_08,52,2024-10-29 15:23:22.965742,,
35000,35000,7500,7500,7500,7500,0.3796070218086242,0.8441333333333333,0.9108090666666668,"Resonant, chi2 pairing",resonant_chi2_pairing_05,49,2024-10-29 15:26:23.144532,,
35000,35000,7500,7500,7500,7500,0.395010769367218,0.8425333333333334,0.9057690133333334,"Resonant, chi2 pairing",resonant_chi2_pairing_06,34,2024-10-29 15:28:46.464012,,
35000,35000,7500,7500,7500,7500,0.379181295633316,0.8464666666666667,0.9115738133333334,"Resonant, Absolute value pairing",resonant_abs_pairing_10,63,2024-10-29 15:29:02.269671,,
35000,35000,7500,7500,7500,7500,0.4001575708389282,0.8372666666666667,0.9026090311111112,"Resonant, chi2 pairing",resonant_chi2_pairing_07,34,2024-10-29 15:31:10.799730,,
35000,35000,7500,7500,7500,7500,0.3880758285522461,0.8386,0.9092532533333334,"Resonant, 4b SPANet pairing",resonant_4b_SPANet_pairing_01,44,2024-10-29 15:32:10.185281,,
35000,35000,7500,7500,7500,7500,0.3833760321140289,0.845,0.9100097688888888,"Resonant, chi2 pairing",resonant_chi2_pairing_08,42,2024-10-29 15:34:05.439892,,
35000,35000,7500,7500,7500,7500,0.4266939461231231,0.8253333333333334,0.894852711111111,"Resonant, 4b SPANet pairing",resonant_4b_SPANet_pairing_02,30,2024-10-29 15:34:15.774979,,
35000,35000,7500,7500,7500,7500,0.3890987634658813,0.8414,0.9073703644444444,"Resonant, chi2 pairing",resonant_chi2_pairing_09,49,2024-10-29 15:37:28.881674,,
35000,35000,7500,7500,7500,7500,0.3829570412635803,0.8404,0.9098992888888888,"Resonant, 4b SPANet pairing",resonant_4b_SPANet_pairing_03,52,2024-10-29 15:37:47.755720,,
35000,35000,7500,7500,7500,7500,0.3991125226020813,0.8365333333333334,0.9018846666666668,"Resonant, chi2 pairing",resonant_chi2_pairing_10,34,2024-10-29 15:39:50.699484,,
35000,35000,7500,7500,7500,7500,0.4029910266399383,0.8389333333333333,0.9111238577777778,"Resonant, 4b SPANet pairing",resonant_4b_SPANet_pairing_04,48,2024-10-29 15:41:02.623315,,
35000,35000,7500,7500,7500,7500,0.4108815491199493,0.8383333333333334,0.9029600888888888,"Resonant, 4b SPANet pairing",resonant_4b_SPANet_pairing_05,38,2024-10-29 15:43:38.200692,,
35000,35000,7500,7500,7500,7500,0.4129137694835663,0.8378666666666666,0.9077280266666666,"Resonant, 4b SPANet pairing",resonant_4b_SPANet_pairing_06,45,2024-10-29 15:52:05.432656,,
35000,35000,7500,7500,7500,7500,0.3801704049110412,0.8474,0.9115343822222224,"Resonant, Absolute value pairing",resonant_abs_pairing_09,50,2024-10-29 15:52:24.783901,,
35000,35000,7500,7500,7500,7500,0.4036682546138763,0.8338,0.9030776088888888,"Resonant, 4b SPANet pairing",resonant_4b_SPANet_pairing_09,33,2024-10-29 15:54:25.972816,,
35000,35000,7500,7500,7500,7500,0.4465062618255615,0.7997333333333333,0.8709254044444444,"Resonant, 4b SPANet pairing, 4 b-tagged jets",resonant_4b_SPANet_pairing_06,36,2024-11-05 16:26:08.095677,,
35000,35000,7500,7500,7500,7500,0.4547702074050903,0.7968666666666666,0.8653751555555554,"Resonant, Absolute value pairing, 4 b-tagged jets",resonant_abs_pairing_01,45,2024-11-05 16:26:36.457441,,
35000,35000,7500,7500,7500,7500,0.6880226135253906,0.6199333333333333,0.6272789066666666,"Resonant, Absolute value pairing, 4 b-tagged jets",resonant_abs_pairing_02,12,2024-11-05 16:27:34.416591,,
35000,35000,7500,7500,7500,7500,0.4569394886493683,0.7986666666666666,0.8689120088888889,"Resonant, 4b SPANet pairing, 4 b-tagged jets",resonant_4b_SPANet_pairing_07,36,2024-11-05 16:28:52.558435,,
35000,35000,7500,7500,7500,7500,0.4494591057300567,0.8008,0.8680903466666666,"Resonant, Absolute value pairing, 4 b-tagged jets",resonant_abs_pairing_03,48,2024-11-05 16:31:07.701359,,
35000,35000,7500,7500,7500,7500,0.4557681977748871,0.7979333333333334,0.8703744444444445,"Resonant, 4b SPANet pairing, 4 b-tagged jets",resonant_4b_SPANet_pairing_08,36,2024-11-05 16:31:36.805170,,
35000,35000,7500,7500,7500,7500,0.4501492977142334,0.7979333333333334,0.87002992,"Resonant, 4b SPANet pairing, 4 b-tagged jets",resonant_4b_SPANet_pairing_09,30,2024-11-05 16:33:53.606022,,
35000,35000,7500,7500,7500,7500,0.4452987611293793,0.804,0.87143648,"Resonant, Absolute value pairing, 4 b-tagged jets",resonant_abs_pairing_04,64,2024-11-05 16:35:47.159066,,
35000,35000,7500,7500,7500,7500,0.4609772562980652,0.7994,0.8706441333333332,"Resonant, 4b SPANet pairing, 4 b-tagged jets",resonant_4b_SPANet_pairing_10,34,2024-11-05 16:36:27.576658,,
35000,35000,7500,7500,7500,7500,0.4459094405174255,0.805,0.87261848,"Resonant, Absolute value pairing, 4 b-tagged jets",resonant_abs_pairing_05,57,2024-11-05 16:39:57.837716,,
35000,35000,7500,7500,7500,7500,0.4468066096305847,0.8022,0.8696751644444445,"Resonant, chi2 pairing, 4 b-tagged jets",resonant_chi2_pairing_01,58,2024-11-05 16:40:32.512332,,
35000,35000,7500,7500,7500,7500,0.468487948179245,0.7922666666666667,0.857265751111111,"Resonant, Absolute value pairing, 4 b-tagged jets",resonant_abs_pairing_06,32,2024-11-05 16:42:23.521977,,
35000,35000,7500,7500,7500,7500,0.4539899528026581,0.798,0.8654288,"Resonant, Absolute value pairing, 4 b-tagged jets",resonant_abs_pairing_08,49,2024-11-05 16:47:40.864650,,
35000,35000,7500,7500,7500,7500,0.4399571716785431,0.8081333333333334,0.8774720800000001,"Resonant, chi2 pairing, 4 b-tagged jets",resonant_chi2_pairing_03,115,2024-11-05 16:51:04.986584,,
35000,35000,7500,7500,7500,7500,0.4479912519454956,0.8042666666666667,0.8698249333333333,"Resonant, Absolute value pairing, 4 b-tagged jets",resonant_abs_pairing_09,58,2024-11-05 16:51:50.334649,,
35000,35000,7500,7500,7500,7500,0.4621418714523315,0.7944666666666667,0.8591800977777778,"Resonant, chi2 pairing, 4 b-tagged jets",resonant_chi2_pairing_04,49,2024-11-05 16:54:38.449457,,
35000,35000,7500,7500,7500,7500,0.45540651679039,0.8023333333333333,0.877047048888889,"Resonant, 4b SPANet pairing, 4 b-tagged jets",resonant_4b_SPANet_pairing_01,37,2024-11-05 16:55:46.524147,,
35000,35000,7500,7500,7500,7500,0.4603294730186462,0.7961333333333334,0.8675402844444444,"Resonant, 4b SPANet pairing, 4 b-tagged jets",resonant_4b_SPANet_pairing_02,32,2024-11-05 16:58:15.510467,,
35000,35000,7500,7500,7500,7500,0.4573787152767181,0.7952666666666667,0.8624158311111111,"Resonant, chi2 pairing, 4 b-tagged jets",resonant_chi2_pairing_06,48,2024-11-05 16:59:55.337322,,
35000,35000,7500,7500,7500,7500,0.45207279920578,0.7981333333333334,0.8703862844444445,"Resonant, 4b SPANet pairing, 4 b-tagged jets",resonant_4b_SPANet_pairing_03,31,2024-11-05 17:00:38.722763,,
35000,35000,7500,7500,7500,7500,0.5142563581466675,0.7899333333333334,0.8498018044444443,"Resonant, 4b SPANet pairing, 4 b-tagged jets",resonant_4b_SPANet_pairing_04,23,2024-11-05 17:02:27.851005,,
35000,35000,7500,7500,7500,7500,0.4572664499282837,0.7966666666666666,0.8648513866666667,"Resonant, chi2 pairing, 4 b-tagged jets",resonant_chi2_pairing_07,42,2024-11-05 17:03:04.045524,,
35000,35000,7500,7500,7500,7500,0.4409546852111816,0.8042666666666667,0.8794993777777779,"Resonant, 4b SPANet pairing, 4 b-tagged jets",resonant_4b_SPANet_pairing_05,48,2024-11-05 17:06:01.656106,,
35000,35000,7500,7500,7500,7500,0.451736569404602,0.7992666666666667,0.8656692888888888,"Resonant, chi2 pairing, 4 b-tagged jets",resonant_chi2_pairing_08,57,2024-11-05 17:07:21.880988,,
35000,35000,7500,7500,7500,7500,0.4520471096038818,0.8014,0.8688109422222221,"Resonant, chi2 pairing, 4 b-tagged jets",resonant_chi2_pairing_09,49,2024-11-05 17:11:02.793731,,
35000,35000,7500,7500,7500,7500,0.4419799745082855,0.8035333333333333,0.87241712,"Resonant, chi2 pairing, 4 b-tagged jets",resonant_chi2_pairing_10,70,2024-11-05 17:16:05.090194,,
35000,35000,7500,7500,7500,7500,0.4533560276031494,0.7988,0.8664651999999999,"Resonant, chi2 pairing, 4 b-tagged jets",resonant_chi2_pairing_02,41,2024-11-05 21:03:55.302918,,
35000,35000,7500,7500,7500,7500,0.4435957670211792,0.8015333333333333,0.8725763288888889,"Resonant, Absolute value pairing, 4 b-tagged jets",resonant_abs_pairing_07,58,2024-11-05 21:05:04.149338,,
35000,35000,7500,7500,7500,7500,0.4666170477867126,0.7994,0.8671926400000002,"Resonant, chi2 pairing, 4 b-tagged jets",resonant_chi2_pairing_05,54,2024-11-05 21:07:51.996562,,
35000,35000,7500,7500,7500,7500,0.4481261074542999,0.8021333333333334,0.8687447377777778,"Resonant, Absolute value pairing, 4 b-tagged jets",resonant_abs_pairing_10,46,2024-11-05 21:11:17.720149,,
70000,70000,15000,15000,15000,15000,0.4559668600559234,0.7972333333333333,0.8659309644444444,"Resonant, Absolute value pairing, 4 b-tagged jets",resonant_4b-abs_pairing_01,28,2024-11-05 21:26:25.968991,,
70000,70000,15000,15000,15000,15000,0.4663950800895691,0.8115,0.8797288911111112,"Resonant, 4b SPANet pairing, 4 b-tagged jets",resonant_4b-4b_SPANet_pairing_06,32,2024-11-05 21:26:55.870828,,
70000,70000,15000,15000,15000,15000,0.4637773633003235,0.7920333333333334,0.8653737244444444,"Resonant, 4b SPANet pairing, 4 b-tagged jets",resonant_4b-4b_SPANet_pairing_07,20,2024-11-05 21:29:45.660839,,
70000,70000,15000,15000,15000,15000,0.452747106552124,0.8019666666666667,0.8686746555555556,"Resonant, Absolute value pairing, 4 b-tagged jets",resonant_4b-abs_pairing_02,36,2024-11-05 21:31:28.163383,,
70000,70000,15000,15000,15000,15000,0.4499371945858001,0.8098333333333333,0.8805111555555556,"Resonant, 4b SPANet pairing, 4 b-tagged jets",resonant_4b-4b_SPANet_pairing_08,37,2024-11-05 21:34:51.503387,,
70000,70000,15000,15000,15000,15000,0.4620590209960937,0.7977666666666666,0.8577870044444443,"Resonant, Absolute value pairing, 4 b-tagged jets",resonant_4b-abs_pairing_03,41,2024-11-05 21:37:11.400569,,
70000,70000,15000,15000,15000,15000,0.4591285288333893,0.8115666666666667,0.8828441666666667,"Resonant, 4b SPANet pairing, 4 b-tagged jets",resonant_4b-4b_SPANet_pairing_09,31,2024-11-05 21:39:08.258644,,
70000,70000,15000,15000,15000,15000,0.4539075195789337,0.8016666666666666,0.8703839422222222,"Resonant, Absolute value pairing, 4 b-tagged jets",resonant_4b-abs_pairing_04,29,2024-11-05 21:41:19.598333,,
70000,70000,15000,15000,15000,15000,0.4474598169326782,0.8039666666666667,0.8753882688888888,"Resonant, 4b SPANet pairing, 4 b-tagged jets",resonant_4b-4b_SPANet_pairing_10,23,2024-11-05 21:42:21.203310,,
70000,70000,15000,15000,15000,15000,0.4473340213298797,0.8053,0.8731542755555556,"Resonant, chi2 pairing, 4 b-tagged jets",resonant_4b-chi2_pairing_01,37,2024-11-05 21:47:13.050489,,
70000,70000,15000,15000,15000,15000,0.4620436728000641,0.7968666666666666,0.8646442622222222,"Resonant, Absolute value pairing, 4 b-tagged jets",resonant_4b-abs_pairing_06,27,2024-11-05 21:47:42.603505,,
70000,70000,15000,15000,15000,15000,0.4455041587352752,0.8047333333333333,0.8709842977777777,"Resonant, Absolute value pairing, 4 b-tagged jets",resonant_4b-abs_pairing_07,30,2024-11-05 21:51:43.277828,,
70000,70000,15000,15000,15000,15000,0.4404284060001373,0.8077,0.8767643533333334,"Resonant, chi2 pairing, 4 b-tagged jets",resonant_4b-chi2_pairing_02,43,2024-11-05 21:52:51.551545,,
70000,70000,15000,15000,15000,15000,0.445088267326355,0.8061666666666667,0.8731704955555557,"Resonant, Absolute value pairing, 4 b-tagged jets",resonant_4b-abs_pairing_08,34,2024-11-05 21:56:15.164271,,
70000,70000,15000,15000,15000,15000,0.4724863171577453,0.7992,0.8646768155555555,"Resonant, chi2 pairing, 4 b-tagged jets",resonant_4b-chi2_pairing_03,32,2024-11-05 21:57:00.223044,,
70000,70000,15000,15000,15000,15000,0.455410361289978,0.8014666666666667,0.8700113733333333,"Resonant, chi2 pairing, 4 b-tagged jets",resonant_4b-chi2_pairing_04,26,2024-11-05 22:00:29.239068,,
70000,70000,15000,15000,15000,15000,0.4403750896453857,0.8073666666666667,0.8746550466666666,"Resonant, Absolute value pairing, 4 b-tagged jets",resonant_4b-abs_pairing_09,41,2024-11-05 22:01:38.509023,,
70000,70000,15000,15000,15000,15000,0.4538511633872986,0.8007,0.8682422577777779,"Resonant, chi2 pairing, 4 b-tagged jets",resonant_4b-chi2_pairing_05,25,2024-11-05 22:03:47.548101,,
70000,70000,15000,15000,15000,15000,0.4401958584785461,0.8086666666666666,0.8761472288888891,"Resonant, Absolute value pairing, 4 b-tagged jets",resonant_4b-abs_pairing_10,45,2024-11-05 22:07:24.608682,,
70000,70000,15000,15000,15000,15000,0.4466754794120788,0.8038,0.8713126733333333,"Resonant, chi2 pairing, 4 b-tagged jets",resonant_4b-chi2_pairing_06,33,2024-11-05 22:08:05.155021,,
70000,70000,15000,15000,15000,15000,0.4334287643432617,0.8143666666666667,0.8844721666666666,"Resonant, 4b SPANet pairing, 4 b-tagged jets",resonant_4b-4b_SPANet_pairing_01,35,2024-11-05 22:12:01.716948,,
70000,70000,15000,15000,15000,15000,0.4470360875129699,0.8026666666666666,0.8701957844444445,"Resonant, chi2 pairing, 4 b-tagged jets",resonant_4b-chi2_pairing_07,39,2024-11-05 22:13:11.071183,,
70000,70000,15000,15000,15000,15000,0.443365603685379,0.8096,0.8801931133333334,"Resonant, 4b SPANet pairing, 4 b-tagged jets",resonant_4b-4b_SPANet_pairing_02,38,2024-11-05 22:17:03.026809,,
70000,70000,15000,15000,15000,15000,0.437556117773056,0.8130666666666667,0.8803392066666667,"Resonant, chi2 pairing, 4 b-tagged jets",resonant_4b-chi2_pairing_08,75,2024-11-05 22:22:42.508449,,
70000,70000,15000,15000,15000,15000,0.4338636100292206,0.8117333333333333,0.8848524533333334,"Resonant, 4b SPANet pairing, 4 b-tagged jets",resonant_4b-4b_SPANet_pairing_03,44,2024-11-05 22:22:44.236223,,
70000,70000,15000,15000,15000,15000,0.4611926078796386,0.7950333333333334,0.8668121044444443,"Resonant, 4b SPANet pairing, 4 b-tagged jets",resonant_4b-4b_SPANet_pairing_04,23,2024-11-05 22:25:51.841981,,
70000,70000,15000,15000,15000,15000,0.4485114812850952,0.8024,0.8705911866666667,"Resonant, chi2 pairing, 4 b-tagged jets",resonant_4b-chi2_pairing_09,35,2024-11-05 22:27:17.604559,,
70000,70000,15000,15000,15000,15000,0.4451656639575958,0.8068666666666666,0.8763354444444444,"Resonant, 4b SPANet pairing, 4 b-tagged jets",resonant_4b-4b_SPANet_pairing_05,27,2024-11-05 22:29:26.273483,,
70000,70000,15000,15000,15000,15000,0.4575256109237671,0.7964666666666667,0.8635985399999999,"Resonant, chi2 pairing, 4 b-tagged jets",resonant_4b-chi2_pairing_10,38,2024-11-05 22:32:17.149511,,
70000,70000,15000,15000,15000,15000,0.440679669380188,0.8097666666666666,0.8760004444444442,"Resonant, Absolute value pairing, 4 b-tagged jets",resonant_4b-abs_pairing_05,41,2024-11-06 07:49:22.316807,,
350000,350000,75000,75000,75000,75000,0.4276834428310394,0.8142066666666666,0.8828952936888887,"Resonant, Absolute value pairing, 4 b-tagged jets",resonant_4b-abs_pairing_01,38,2024-11-18 16:16:14.529704,,
350000,350000,75000,75000,75000,75000,0.4475144743919372,0.8056733333333334,0.8840550917333334,"Resonant, 4b SPANet pairing, 4 b-tagged jets",resonant_4b-4b_SPANet_pairing_06,39,2024-11-18 16:16:31.274817,,
350000,350000,75000,75000,75000,75000,0.4462331235408783,0.8127933333333334,0.8852411944888889,"Resonant, 4b SPANet pairing, 4 b-tagged jets",resonant_4b-4b_SPANet_pairing_07,30,2024-11-18 16:20:00.347941,,
350000,350000,75000,75000,75000,75000,0.4329634010791778,0.8156866666666667,0.8819638210666666,"Resonant, Absolute value pairing, 4 b-tagged jets",resonant_4b-abs_pairing_02,48,2024-11-18 16:21:37.423088,,
350000,350000,75000,75000,75000,75000,0.444084882736206,0.81166,0.8853804356444445,"Resonant, 4b SPANet pairing, 4 b-tagged jets",resonant_4b-4b_SPANet_pairing_08,27,2024-11-18 16:23:15.507420,,
350000,350000,75000,75000,75000,75000,0.4288757741451263,0.8137266666666667,0.8820977885333333,"Resonant, Absolute value pairing, 4 b-tagged jets",resonant_4b-abs_pairing_03,39,2024-11-18 16:25:59.778679,,
350000,350000,75000,75000,75000,75000,0.4402964115142822,0.8079866666666666,0.8774167208000001,"Resonant, 4b SPANet pairing, 4 b-tagged jets",resonant_4b-4b_SPANet_pairing_09,27,2024-11-18 16:26:31.171030,,
350000,350000,75000,75000,75000,75000,0.4242903888225555,0.81162,0.8865617231111111,"Resonant, 4b SPANet pairing, 4 b-tagged jets",resonant_4b-4b_SPANet_pairing_10,36,2024-11-18 16:30:42.910768,,
350000,350000,75000,75000,75000,75000,0.4185564815998077,0.8191466666666667,0.8875031348444444,"Resonant, Absolute value pairing, 4 b-tagged jets",resonant_4b-abs_pairing_04,64,2024-11-18 16:32:54.815150,,
350000,350000,75000,75000,75000,75000,0.4324028789997101,0.8121533333333333,0.8820498777777777,"Resonant, chi2 pairing, 4 b-tagged jets",resonant_4b-chi2_pairing_02,48,2024-11-18 16:37:35.794147,,
350000,350000,75000,75000,75000,75000,0.4206125140190124,0.8164866666666667,0.8865745368888889,"Resonant, Absolute value pairing, 4 b-tagged jets",resonant_4b-abs_pairing_05,71,2024-11-18 16:40:27.161588,,
350000,350000,75000,75000,75000,75000,0.4220683574676513,0.81678,0.8858613859555555,"Resonant, chi2 pairing, 4 b-tagged jets",resonant_4b-chi2_pairing_03,58,2024-11-18 16:43:48.159658,,
350000,350000,75000,75000,75000,75000,0.420076847076416,0.8173666666666667,0.8866743856000001,"Resonant, Absolute value pairing, 4 b-tagged jets",resonant_4b-abs_pairing_06,60,2024-11-18 16:47:06.104487,,
350000,350000,75000,75000,75000,75000,0.4224187731742859,0.8173533333333334,0.8865430905777777,"Resonant, chi2 pairing, 4 b-tagged jets",resonant_4b-chi2_pairing_04,56,2024-11-18 16:50:02.305953,,
350000,350000,75000,75000,75000,75000,0.4330649077892303,0.81106,0.8797703433777778,"Resonant, Absolute value pairing, 4 b-tagged jets",resonant_4b-abs_pairing_07,26,2024-11-18 16:50:07.044649,,
350000,350000,75000,75000,75000,75000,0.4853158295154571,0.7941,0.8479434069333333,"Resonant, Absolute value pairing, 4 b-tagged jets",resonant_4b-abs_pairing_08,29,2024-11-18 16:53:36.368909,,
350000,350000,75000,75000,75000,75000,0.4340183734893799,0.81316,0.8830794964444445,"Resonant, chi2 pairing, 4 b-tagged jets",resonant_4b-chi2_pairing_05,40,2024-11-18 16:54:28.811476,,
350000,350000,75000,75000,75000,75000,0.4346190094947815,0.8118666666666666,0.8821674634666667,"Resonant, Absolute value pairing, 4 b-tagged jets",resonant_4b-abs_pairing_09,28,2024-11-18 16:56:55.559885,,
350000,350000,75000,75000,75000,75000,0.4413801431655884,0.80968,0.8789143691555557,"Resonant, chi2 pairing, 4 b-tagged jets",resonant_4b-chi2_pairing_06,35,2024-11-18 16:58:21.431097,,
350000,350000,75000,75000,75000,75000,0.448924571275711,0.8051266666666667,0.8715208963555556,"Resonant, chi2 pairing, 4 b-tagged jets",resonant_4b-chi2_pairing_07,26,2024-11-18 17:01:29.714550,,
350000,350000,75000,75000,75000,75000,0.4186695218086242,0.8183533333333334,0.8878095538666666,"Resonant, Absolute value pairing, 4 b-tagged jets",resonant_4b-abs_pairing_10,65,2024-11-18 17:03:55.606200,,
350000,350000,75000,75000,75000,75000,0.4402277171611786,0.8075266666666666,0.8778196772444443,"Resonant, chi2 pairing, 4 b-tagged jets",resonant_4b-chi2_pairing_08,30,2024-11-18 17:05:02.456540,,
350000,350000,75000,75000,75000,75000,0.4425414502620697,0.8049266666666667,0.8775463942222222,"Resonant, 4b SPANet pairing, 4 b-tagged jets",resonant_4b-4b_SPANet_pairing_01,27,2024-11-18 17:07:05.549819,,
350000,350000,75000,75000,75000,75000,0.4361729621887207,0.81434,0.8829925428444445,"Resonant, chi2 pairing, 4 b-tagged jets",resonant_4b-chi2_pairing_09,56,2024-11-18 17:11:14.222244,,
350000,350000,75000,75000,75000,75000,0.4478474855422973,0.8070533333333333,0.8776446421333334,"Resonant, 4b SPANet pairing, 4 b-tagged jets",resonant_4b-4b_SPANet_pairing_03,27,2024-11-18 17:11:59.735055,,
350000,350000,75000,75000,75000,75000,0.4258035719394684,0.8142,0.8834429650666666,"Resonant, chi2 pairing, 4 b-tagged jets",resonant_4b-chi2_pairing_10,45,2024-11-18 17:16:18.920868,,
350000,350000,75000,75000,75000,75000,0.4403536915779114,0.81766,0.8922277481777777,"Resonant, 4b SPANet pairing, 4 b-tagged jets",resonant_4b-4b_SPANet_pairing_04,42,2024-11-18 17:16:47.196053,,
350000,350000,75000,75000,75000,75000,0.4822607338428497,0.8125133333333333,0.8744427267555557,"Resonant, 4b SPANet pairing, 4 b-tagged jets",resonant_4b-4b_SPANet_pairing_05,28,2024-11-18 17:20:11.714632,,
350000,350000,75000,75000,75000,75000,0.4681088924407959,0.8078866666666666,0.8728019268444445,"Resonant, 4b SPANet pairing, 4 b-tagged jets",resonant_4b-4b_SPANet_pairing_02,26,2024-11-18 17:54:20.411829,,
350000,350000,75000,75000,75000,75000,0.4282645583152771,0.81556,0.8849491973333334,"Resonant, chi2 pairing, 4 b-tagged jets",resonant_4b-chi2_pairing_01,49,2024-11-18 17:56:41.713265,,
350000,350000,75000,75000,75000,75000,0.3902350962162018,0.82906,0.9023939692444444,"Resonant, Absolute value pairing, 4 b-tagged jets",resonant_4b_node_256-abs_pairing_01,40,2024-11-19 14:49:34.897914,,
350000,350000,75000,75000,75000,75000,0.3831238448619842,0.8319066666666667,0.9066732509333334,"Resonant, 4b SPANet pairing, 4 b-tagged jets",resonant_4b_node_256-4b_SPANet_pairing_06,26,2024-11-19 14:54:52.699184,,
350000,350000,75000,75000,75000,75000,0.3900985419750213,0.82918,0.902600396,"Resonant, Absolute value pairing, 4 b-tagged jets",resonant_4b_node_256-abs_pairing_02,38,2024-11-19 14:56:04.929226,,
350000,350000,75000,75000,75000,75000,0.3833877742290497,0.8321533333333333,0.9064648790222222,"Resonant, 4b SPANet pairing, 4 b-tagged jets",resonant_4b_node_256-4b_SPANet_pairing_07,34,2024-11-19 14:59:01.424683,,
350000,350000,75000,75000,75000,75000,0.3902674615383148,0.8289933333333334,0.9023693729777778,"Resonant, Absolute value pairing, 4 b-tagged jets",resonant_4b_node_256-abs_pairing_03,38,2024-11-19 15:00:39.576753,,
350000,350000,75000,75000,75000,75000,0.3834874033927917,0.8319933333333334,0.9064602888,"Resonant, 4b SPANet pairing, 4 b-tagged jets",resonant_4b_node_256-4b_SPANet_pairing_08,31,2024-11-19 15:02:51.839893,,
350000,350000,75000,75000,75000,75000,0.3898955583572387,0.8287866666666667,0.9025553432,"Resonant, Absolute value pairing, 4 b-tagged jets",resonant_4b_node_256-abs_pairing_04,42,2024-11-19 15:05:39.880130,,
350000,350000,75000,75000,75000,75000,0.3844542801380157,0.8313066666666666,0.9062798493333332,"Resonant, 4b SPANet pairing, 4 b-tagged jets",resonant_4b_node_256-4b_SPANet_pairing_09,41,2024-11-19 15:07:46.984888,,
350000,350000,75000,75000,75000,75000,0.389945238828659,0.82918,0.902516268,"Resonant, Absolute value pairing, 4 b-tagged jets",resonant_4b_node_256-abs_pairing_05,41,2024-11-19 15:10:31.346982,,
350000,350000,75000,75000,75000,75000,0.3835152387619018,0.8318466666666666,0.9065507894222222,"Resonant, 4b SPANet pairing, 4 b-tagged jets",resonant_4b_node_256-4b_SPANet_pairing_10,36,2024-11-19 15:12:10.500405,,
350000,350000,75000,75000,75000,75000,0.3908206522464752,0.8290733333333333,0.9019948966222222,"Resonant, Absolute value pairing, 4 b-tagged jets",resonant_4b_node_256-abs_pairing_06,31,2024-11-19 15:14:19.964072,,
350000,350000,75000,75000,75000,75000,0.3908792734146118,0.8287533333333333,0.9020617424888888,"Resonant, chi2 pairing, 4 b-tagged jets",resonant_4b_node_256-chi2_pairing_01,32,2024-11-19 15:16:09.815430,,
350000,350000,75000,75000,75000,75000,0.3908130228519439,0.8291066666666667,0.902044536,"Resonant, Absolute value pairing, 4 b-tagged jets",resonant_4b_node_256-abs_pairing_07,26,2024-11-19 15:17:36.796180,,
350000,350000,75000,75000,75000,75000,0.3907990753650665,0.8290066666666667,0.9021977499555556,"Resonant, chi2 pairing, 4 b-tagged jets",resonant_4b_node_256-chi2_pairing_02,32,2024-11-19 15:20:10.486009,,
350000,350000,75000,75000,75000,75000,0.3902022242546081,0.8287533333333333,0.9024158753777778,"Resonant, Absolute value pairing, 4 b-tagged jets",resonant_4b_node_256-abs_pairing_08,35,2024-11-19 15:21:53.944213,,
350000,350000,75000,75000,75000,75000,0.3911513090133667,0.8285466666666667,0.9019079402666668,"Resonant, chi2 pairing, 4 b-tagged jets",resonant_4b_node_256-chi2_pairing_03,35,2024-11-19 15:24:29.689740,,
350000,350000,75000,75000,75000,75000,0.3904193341732025,0.8289,0.9023215839111112,"Resonant, Absolute value pairing, 4 b-tagged jets",resonant_4b_node_256-abs_pairing_09,36,2024-11-19 15:26:14.981330,,
350000,350000,75000,75000,75000,75000,0.3909777104854584,0.8289733333333333,0.9020109831111112,"Resonant, chi2 pairing, 4 b-tagged jets",resonant_4b_node_256-chi2_pairing_04,31,2024-11-19 15:28:19.301319,,
350000,350000,75000,75000,75000,75000,0.3901101946830749,0.8292533333333333,0.9024358945777776,"Resonant, Absolute value pairing, 4 b-tagged jets",resonant_4b_node_256-abs_pairing_10,36,2024-11-19 15:30:38.448453,,
350000,350000,75000,75000,75000,75000,0.3913531899452209,0.8283933333333333,0.9018265158222224,"Resonant, chi2 pairing, 4 b-tagged jets",resonant_4b_node_256-chi2_pairing_05,23,2024-11-19 15:31:20.193621,,
350000,350000,75000,75000,75000,75000,0.3836246132850647,0.8314533333333334,0.9065218637333332,"Resonant, 4b SPANet pairing, 4 b-tagged jets",resonant_4b_node_256-4b_SPANet_pairing_01,42,2024-11-19 15:35:35.731707,,
350000,350000,75000,75000,75000,75000,0.3901425898075104,0.82886,0.902602599377778,"Resonant, chi2 pairing, 4 b-tagged jets",resonant_4b_node_256-chi2_pairing_06,42,2024-11-19 15:36:25.958980,,
350000,350000,75000,75000,75000,75000,0.383501261472702,0.8317,0.9066188708444444,"Resonant, 4b SPANet pairing, 4 b-tagged jets",resonant_4b_node_256-4b_SPANet_pairing_02,39,2024-11-19 15:40:21.039589,,
350000,350000,75000,75000,75000,75000,0.3904947638511657,0.8289133333333333,0.9023600584888888,"Resonant, chi2 pairing, 4 b-tagged jets",resonant_4b_node_256-chi2_pairing_07,39,2024-11-19 15:41:12.539731,,
350000,350000,75000,75000,75000,75000,0.3834333419799804,0.832,0.9066747731555556,"Resonant, 4b SPANet pairing, 4 b-tagged jets",resonant_4b_node_256-4b_SPANet_pairing_03,34,2024-11-19 15:44:29.477904,,
350000,350000,75000,75000,75000,75000,0.3910924196243286,0.8287466666666666,0.9020477877333332,"Resonant, chi2 pairing, 4 b-tagged jets",resonant_4b_node_256-chi2_pairing_08,26,2024-11-19 15:44:30.101891,,
350000,350000,75000,75000,75000,75000,0.3837026357650757,0.8318466666666666,0.9064059556444444,"Resonant, 4b SPANet pairing, 4 b-tagged jets",resonant_4b_node_256-4b_SPANet_pairing_04,29,2024-11-19 15:48:11.231148,,
350000,350000,75000,75000,75000,75000,0.390914648771286,0.8285866666666667,0.9020827982222224,"Resonant, chi2 pairing, 4 b-tagged jets",resonant_4b_node_256-chi2_pairing_09,29,2024-11-19 15:48:13.952849,,
350000,350000,75000,75000,75000,75000,0.3838212490081787,0.83172,0.9063479931555556,"Resonant, 4b SPANet pairing, 4 b-tagged jets",resonant_4b_node_256-4b_SPANet_pairing_05,31,2024-11-19 15:52:01.800957,,
350000,350000,75000,75000,75000,75000,0.3903869390487671,0.8289266666666667,0.9024158983111112,"Resonant, chi2 pairing, 4 b-tagged jets",resonant_4b_node_256-chi2_pairing_10,35,2024-11-19 15:52:26.491421,,
854794,855206,45206,44794,100000,100000,0.3713513016700744,0.84179,0.9115535758,"Resonant, Absolute value pairing, 4 b-tagged jets",resonant_4b_1M-abs_pairing_01,36,2024-12-03 14:27:20.990223,,
854794,855206,45206,44794,100000,100000,0.3628520667552948,0.84489,0.91651762205,"Resonant, 4b SPANet pairing, 4 b-tagged jets",resonant_4b_1M-4b_SPANet_pairing_06,51,2024-12-03 14:29:11.154973,,
854794,855206,45206,44794,100000,100000,0.3715807795524597,0.84159,0.91165047325,"Resonant, Absolute value pairing, 4 b-tagged jets",resonant_4b_1M-abs_pairing_02,34,2024-12-03 14:32:57.156512,,
854794,855206,45206,44794,100000,100000,0.3631157875061035,0.8449,0.91641655185,"Resonant, 4b SPANet pairing, 4 b-tagged jets",resonant_4b_1M-4b_SPANet_pairing_07,35,2024-12-03 14:35:03.344784,,
854794,855206,45206,44794,100000,100000,0.3709925711154938,0.842245,0.91172946195,"Resonant, Absolute value pairing, 4 b-tagged jets",resonant_4b_1M-abs_pairing_03,40,2024-12-03 14:39:40.321736,,
854794,855206,45206,44794,100000,100000,0.3633031547069549,0.845035,0.91629957485,"Resonant, 4b SPANet pairing, 4 b-tagged jets",resonant_4b_1M-4b_SPANet_pairing_08,42,2024-12-03 14:42:04.102288,,
854794,855206,45206,44794,100000,100000,0.3627020716667175,0.84531,0.91657857575,"Resonant, 4b SPANet pairing, 4 b-tagged jets",resonant_4b_1M-4b_SPANet_pairing_09,40,2024-12-03 14:48:35.162200,,
854794,855206,45206,44794,100000,100000,0.3710465133190155,0.841625,0.9117474091,"Resonant, Absolute value pairing, 4 b-tagged jets",resonant_4b_1M-abs_pairing_04,57,2024-12-03 14:48:38.401902,,
854794,855206,45206,44794,100000,100000,0.3632025718688965,0.844955,0.9164247353,"Resonant, 4b SPANet pairing, 4 b-tagged jets",resonant_4b_1M-4b_SPANet_pairing_10,32,2024-12-03 14:53:55.815725,,
854794,855206,45206,44794,100000,100000,0.3715676069259643,0.84155,0.9115472012,"Resonant, Absolute value pairing, 4 b-tagged jets",resonant_4b_1M-abs_pairing_05,45,2024-12-03 14:55:48.582825,,
854794,855206,45206,44794,100000,100000,0.3719424307346344,0.841365,0.91142225745,"Resonant, chi2 pairing, 4 b-tagged jets",resonant_4b_1M-chi2_pairing_01,42,2024-12-03 15:01:02.077024,,
854794,855206,45206,44794,100000,100000,0.3714873194694519,0.84204,0.911472609,"Resonant, Absolute value pairing, 4 b-tagged jets",resonant_4b_1M-abs_pairing_06,41,2024-12-03 15:02:32.715644,,
854794,855206,45206,44794,100000,100000,0.3719003200531006,0.84165,0.9114383070000002,"Resonant, chi2 pairing, 4 b-tagged jets",resonant_4b_1M-chi2_pairing_02,49,2024-12-03 15:08:52.155292,,
854794,855206,45206,44794,100000,100000,0.3714267313480377,0.8415,0.91154034035,"Resonant, Absolute value pairing, 4 b-tagged jets",resonant_4b_1M-abs_pairing_07,46,2024-12-03 15:10:07.968693,,
854794,855206,45206,44794,100000,100000,0.3719364404678345,0.841255,0.9114421927,"Resonant, chi2 pairing, 4 b-tagged jets",resonant_4b_1M-chi2_pairing_03,44,2024-12-03 15:16:09.046203,,
854794,855206,45206,44794,100000,100000,0.3712037801742553,0.841985,0.911626446,"Resonant, Absolute value pairing, 4 b-tagged jets",resonant_4b_1M-abs_pairing_08,63,2024-12-03 15:20:02.225070,,
854794,855206,45206,44794,100000,100000,0.3718083202838897,0.841255,0.9115135047499998,"Resonant, chi2 pairing, 4 b-tagged jets",resonant_4b_1M-chi2_pairing_04,44,2024-12-03 15:23:29.841948,,
854794,855206,45206,44794,100000,100000,0.3709489703178406,0.8418,0.91181072245,"Resonant, Absolute value pairing, 4 b-tagged jets",resonant_4b_1M-abs_pairing_09,47,2024-12-03 15:27:41.616472,,
854794,855206,45206,44794,100000,100000,0.3721716403961181,0.841025,0.9113602232,"Resonant, chi2 pairing, 4 b-tagged jets",resonant_4b_1M-chi2_pairing_05,33,2024-12-03 15:29:13.225621,,
854794,855206,45206,44794,100000,100000,0.3720558583736419,0.84111,0.9113739422,"Resonant, chi2 pairing, 4 b-tagged jets",resonant_4b_1M-chi2_pairing_06,33,2024-12-03 15:35:05.160180,,
854794,855206,45206,44794,100000,100000,0.3715029656887054,0.84157,0.911510797,"Resonant, Absolute value pairing, 4 b-tagged jets",resonant_4b_1M-abs_pairing_10,50,2024-12-03 15:36:37.270277,,
854794,855206,45206,44794,100000,100000,0.3721203804016113,0.84123,0.91136350965,"Resonant, chi2 pairing, 4 b-tagged jets",resonant_4b_1M-chi2_pairing_07,36,2024-12-03 15:41:04.826227,,
854794,855206,45206,44794,100000,100000,0.3627245426177978,0.844935,0.9165556951,"Resonant, 4b SPANet pairing, 4 b-tagged jets",resonant_4b_1M-4b_SPANet_pairing_01,48,2024-12-03 15:44:03.747190,,
854794,855206,45206,44794,100000,100000,0.372191846370697,0.84112,0.9112446614,"Resonant, chi2 pairing, 4 b-tagged jets",resonant_4b_1M-chi2_pairing_08,54,2024-12-03 15:49:49.138516,,
854794,855206,45206,44794,100000,100000,0.3628944456577301,0.84515,0.91648813955,"Resonant, 4b SPANet pairing, 4 b-tagged jets",resonant_4b_1M-4b_SPANet_pairing_02,48,2024-12-03 15:51:18.685743,,
854794,855206,45206,44794,100000,100000,0.3640327751636505,0.844815,0.91595346095,"Resonant, 4b SPANet pairing, 4 b-tagged jets",resonant_4b_1M-4b_SPANet_pairing_03,23,2024-12-03 15:54:54.989038,,
854794,855206,45206,44794,100000,100000,0.3722778558731079,0.840915,0.91128089335,"Resonant, chi2 pairing, 4 b-tagged jets",resonant_4b_1M-chi2_pairing_09,36,2024-12-03 15:55:54.664913,,
854794,855206,45206,44794,100000,100000,0.3632209002971649,0.845405,0.91642963025,"Resonant, 4b SPANet pairing, 4 b-tagged jets",resonant_4b_1M-4b_SPANet_pairing_04,35,2024-12-03 16:00:23.498788,,
854794,855206,45206,44794,100000,100000,0.3720578849315643,0.841095,0.9113736162,"Resonant, chi2 pairing, 4 b-tagged jets",resonant_4b_1M-chi2_pairing_10,41,2024-12-03 16:02:38.567073,,
854794,855206,45206,44794,100000,100000,0.363462746143341,0.8448,0.9163105748,"Resonant, 4b SPANet pairing, 4 b-tagged jets",resonant_4b_1M-4b_SPANet_pairing_05,30,2024-12-03 16:05:10.563700,,
855026,854974,44974,45026,100000,100000,0.4493384659290313,0.791745,0.8677800556499999,"Resonant, Mixed mass, Absolute value pairing, 4 b-tagged jets",resonant_4b_mix_1M-abs_pairing_01,56,2024-12-17 16:15:37.465478,,
855026,854974,44974,45026,100000,100000,0.4500053524971008,0.79166,0.8670257489,"Resonant, Mixed mass, chi2 pairing, 4 b-tagged jets",resonant_4b_mix_1M-chi2_pairing_01,45,2024-12-17 16:16:57.601323,,
855026,854974,44974,45026,100000,100000,0.4485591053962707,0.792275,0.86818171135,"Resonant, Mixed mass, Absolute value pairing, 4 b-tagged jets",resonant_4b_mix_1M-abs_pairing_02,43,2024-12-17 16:22:41.836571,,
855026,854974,44974,45026,100000,100000,0.4501920640468597,0.791465,0.86695200925,"Resonant, Mixed mass, chi2 pairing, 4 b-tagged jets",resonant_4b_mix_1M-chi2_pairing_02,51,2024-12-17 16:28:36.190941,,
855026,854974,44974,45026,100000,100000,0.4491280615329742,0.792155,0.8678229548499999,"Resonant, Mixed mass, Absolute value pairing, 4 b-tagged jets",resonant_4b_mix_1M-abs_pairing_03,63,2024-12-17 16:32:07.129280,,
855026,854974,44974,45026,100000,100000,0.4505294561386108,0.79163,0.8668182991,"Resonant, Mixed mass, chi2 pairing, 4 b-tagged jets",resonant_4b_mix_1M-chi2_pairing_03,31,2024-12-17 16:35:40.033962,,
855026,854974,44974,45026,100000,100000,0.4488184750080108,0.79223,0.8680831331,"Resonant, Mixed mass, Absolute value pairing, 4 b-tagged jets",resonant_4b_mix_1M-abs_pairing_04,30,2024-12-17 16:36:45.999472,,
855026,854974,44974,45026,100000,100000,0.4487562179565429,0.79244,0.8681768376,"Resonant, Mixed mass, Absolute value pairing, 4 b-tagged jets",resonant_4b_mix_1M-abs_pairing_05,31,2024-12-17 16:41:36.628377,,
855026,854974,44974,45026,100000,100000,0.4502683281898498,0.791495,0.8669058889000001,"Resonant, Mixed mass, chi2 pairing, 4 b-tagged jets",resonant_4b_mix_1M-chi2_pairing_04,33,2024-12-17 16:43:09.819714,,
855026,854974,44974,45026,100000,100000,0.4490115642547607,0.792705,0.8679221095,"Resonant, Mixed mass, Absolute value pairing, 4 b-tagged jets",resonant_4b_mix_1M-abs_pairing_06,55,2024-12-17 16:49:44.546838,,
855026,854974,44974,45026,100000,100000,0.449971079826355,0.7918,0.8670929270000001,"Resonant, Mixed mass, chi2 pairing, 4 b-tagged jets",resonant_4b_mix_1M-chi2_pairing_05,47,2024-12-17 16:53:56.381568,,
855026,854974,44974,45026,100000,100000,0.449419230222702,0.791965,0.86778987735,"Resonant, Mixed mass, Absolute value pairing, 4 b-tagged jets",resonant_4b_mix_1M-abs_pairing_07,52,2024-12-17 16:57:28.113913,,
855026,854974,44974,45026,100000,100000,0.4502634108066559,0.791295,0.8669332130499999,"Resonant, Mixed mass, chi2 pairing, 4 b-tagged jets",resonant_4b_mix_1M-chi2_pairing_06,33,2024-12-17 17:01:36.116575,,
855026,854974,44974,45026,100000,100000,0.4490026235580444,0.792175,0.8679349394,"Resonant, Mixed mass, Absolute value pairing, 4 b-tagged jets",resonant_4b_mix_1M-abs_pairing_08,38,2024-12-17 17:03:11.728857,,
855026,854974,44974,45026,100000,100000,0.4486877024173736,0.792,0.8681390001,"Resonant, Mixed mass, Absolute value pairing, 4 b-tagged jets",resonant_4b_mix_1M-abs_pairing_09,41,2024-12-17 17:09:25.471926,,
855026,854974,44974,45026,100000,100000,0.4504826664924621,0.791705,0.8669745561500001,"Resonant, Mixed mass, chi2 pairing, 4 b-tagged jets",resonant_4b_mix_1M-chi2_pairing_07,49,2024-12-17 17:12:45.511102,,
855026,854974,44974,45026,100000,100000,0.4484581351280212,0.7925,0.8683114863000001,"Resonant, Mixed mass, Absolute value pairing, 4 b-tagged jets",resonant_4b_mix_1M-abs_pairing_10,38,2024-12-17 17:15:08.676924,,
855026,854974,44974,45026,100000,100000,0.4502188563346863,0.791485,0.8670613352500001,"Resonant, Mixed mass, chi2 pairing, 4 b-tagged jets",resonant_4b_mix_1M-chi2_pairing_08,38,2024-12-17 17:21:21.497406,,
855026,854974,44974,45026,100000,100000,0.4498549699783325,0.79186,0.8671891079,"Resonant, Mixed mass, chi2 pairing, 4 b-tagged jets",resonant_4b_mix_1M-chi2_pairing_09,40,2024-12-17 17:30:16.067229,,
855026,854974,44974,45026,100000,100000,0.4505176246166229,0.791265,0.8669228456000001,"Resonant, Mixed mass, chi2 pairing, 4 b-tagged jets",resonant_4b_mix_1M-chi2_pairing_10,27,2024-12-17 17:36:26.470290,,
855026,854974,44974,45026,100000,100000,0.4493898153305053,0.79186,0.868177913,"Resonant, Mixed mass, 4b SPANet pairing, 4 b-tagged jets",resonant_4b_mix_1M-4b_SPANet_pairing_01,36,2024-12-18 09:35:20.954167,,
855026,854974,44974,45026,100000,100000,0.4493727087974548,0.791935,0.86807434205,"Resonant, Mixed mass, 4b SPANet pairing, 4 b-tagged jets",resonant_4b_mix_1M-4b_SPANet_pairing_06,44,2024-12-18 09:36:31.522946,,
855026,854974,44974,45026,100000,100000,0.4496646225452423,0.7922,0.8678665894500001,"Resonant, Mixed mass, 4b SPANet pairing, 4 b-tagged jets",resonant_4b_mix_1M-4b_SPANet_pairing_07,39,2024-12-18 09:42:31.059899,,
855026,854974,44974,45026,100000,100000,0.4495593309402466,0.79223,0.86789839735,"Resonant, Mixed mass, 4b SPANet pairing, 4 b-tagged jets",resonant_4b_mix_1M-4b_SPANet_pairing_02,50,2024-12-18 09:42:54.080857,,
855026,854974,44974,45026,100000,100000,0.4497177302837372,0.79213,0.8678095243499999,"Resonant, Mixed mass, 4b SPANet pairing, 4 b-tagged jets",resonant_4b_mix_1M-4b_SPANet_pairing_08,35,2024-12-18 09:47:51.735110,,
855026,854974,44974,45026,100000,100000,0.4496147632598877,0.79189,0.8678158818999999,"Resonant, Mixed mass, 4b SPANet pairing, 4 b-tagged jets",resonant_4b_mix_1M-4b_SPANet_pairing_03,42,2024-12-18 09:49:21.070493,,
855026,854974,44974,45026,100000,100000,0.4496729969978332,0.792375,0.86804501385,"Resonant, Mixed mass, 4b SPANet pairing, 4 b-tagged jets",resonant_4b_mix_1M-4b_SPANet_pairing_09,38,2024-12-18 09:53:44.480242,,
855026,854974,44974,45026,100000,100000,0.4495264589786529,0.79153,0.8679121593500001,"Resonant, Mixed mass, 4b SPANet pairing, 4 b-tagged jets",resonant_4b_mix_1M-4b_SPANet_pairing_04,32,2024-12-18 09:54:19.461895,,
855026,854974,44974,45026,100000,100000,0.4497537612915039,0.791845,0.8677658049,"Resonant, Mixed mass, 4b SPANet pairing, 4 b-tagged jets",resonant_4b_mix_1M-4b_SPANet_pairing_05,31,2024-12-18 09:59:09.994752,,
855026,854974,44974,45026,100000,100000,0.4494362473487854,0.792655,0.8680159732499999,"Resonant, Mixed mass, 4b SPANet pairing, 4 b-tagged jets",resonant_4b_mix_1M-4b_SPANet_pairing_10,42,2024-12-18 10:00:06.727113,,
854894,855106,45106,44894,100000,100000,0.4364655613899231,0.79498,0.8745059094,"TRSM, 4 mass mixed, chi2 pairing, 4 b-tagged jets",trsm_4b-mix_4-1M-chi2_pairing_01,53,2025-03-25 16:28:34.822855,,
854894,855106,45106,44894,100000,100000,0.4348330795764923,0.796465,0.8758364420000001,"TRSM, 4 mass mixed, Absolute value pairing, 4 b-tagged jets",trsm_4b-mix_4-1M-abs_pairing_06,59,2025-03-25 16:29:31.118418,,
854894,855106,45106,44894,100000,100000,0.4375061392784118,0.7947,0.873892295,"TRSM, 4 mass mixed, chi2 pairing, 4 b-tagged jets",trsm_4b-mix_4-1M-chi2_pairing_02,37,2025-03-25 16:35:09.862123,,
854894,855106,45106,44894,100000,100000,0.4354704618453979,0.79636,0.8755659668,"TRSM, 4 mass mixed, Absolute value pairing, 4 b-tagged jets",trsm_4b-mix_4-1M-abs_pairing_07,39,2025-03-25 16:36:13.552220,,
854894,855106,45106,44894,100000,100000,0.4357460141181946,0.796715,0.8752726364000001,"TRSM, 4 mass mixed, Absolute value pairing, 4 b-tagged jets",trsm_4b-mix_4-1M-abs_pairing_08,34,2025-03-25 16:42:06.154658,,
854894,855106,45106,44894,100000,100000,0.4355444014072418,0.79655,0.8752537754,"TRSM, 4 mass mixed, chi2 pairing, 4 b-tagged jets",trsm_4b-mix_4-1M-chi2_pairing_03,55,2025-03-25 16:44:23.830234,,
854894,855106,45106,44894,100000,100000,0.4328909516334533,0.7982,0.8773535122,"TRSM, 4 mass mixed, Absolute value pairing, 4 b-tagged jets",trsm_4b-mix_4-1M-abs_pairing_09,48,2025-03-25 16:50:04.731422,,
854894,855106,45106,44894,100000,100000,0.4381821155548095,0.79486,0.8737341668,"TRSM, 4 mass mixed, chi2 pairing, 4 b-tagged jets",trsm_4b-mix_4-1M-chi2_pairing_04,49,2025-03-25 16:52:43.018361,,
854894,855106,45106,44894,100000,100000,0.4346546232700348,0.79677,0.8759345134000001,"TRSM, 4 mass mixed, Absolute value pairing, 4 b-tagged jets",trsm_4b-mix_4-1M-abs_pairing_10,36,2025-03-25 16:56:19.108398,,
854894,855106,45106,44894,100000,100000,0.4384212791919708,0.794425,0.8737465898,"TRSM, 4 mass mixed, chi2 pairing, 4 b-tagged jets",trsm_4b-mix_4-1M-chi2_pairing_05,38,2025-03-25 16:59:17.494882,,
855147,854853,44853,45147,100000,100000,0.4197607040405273,0.804575,0.8859929059999999,"TRSM, 4 mass mixed, 4b SPANet pairing, 4 b-tagged jets",trsm_4b-mix_4-1M-4b_SPANet_pairing_01,35,2025-03-25 17:02:11.756127,,
854894,855106,45106,44894,100000,100000,0.4374911189079284,0.79536,0.8743445647999999,"TRSM, 4 mass mixed, chi2 pairing, 4 b-tagged jets",trsm_4b-mix_4-1M-chi2_pairing_06,39,2025-03-25 17:06:03.690018,,
855147,854853,44853,45147,100000,100000,0.4186543822288513,0.80507,0.8865059259999999,"TRSM, 4 mass mixed, 4b SPANet pairing, 4 b-tagged jets",trsm_4b-mix_4-1M-4b_SPANet_pairing_02,41,2025-03-25 17:09:04.300599,,
854894,855106,45106,44894,100000,100000,0.4391752779483795,0.794465,0.8728728718000001,"TRSM, 4 mass mixed, chi2 pairing, 4 b-tagged jets",trsm_4b-mix_4-1M-chi2_pairing_07,38,2025-03-25 17:12:35.486426,,
855147,854853,44853,45147,100000,100000,0.4208227396011352,0.803665,0.8856177298000001,"TRSM, 4 mass mixed, 4b SPANet pairing, 4 b-tagged jets",trsm_4b-mix_4-1M-4b_SPANet_pairing_03,38,2025-03-25 17:15:37.193953,,
854894,855106,45106,44894,100000,100000,0.4376227259635925,0.79478,0.8740087327999999,"TRSM, 4 mass mixed, chi2 pairing, 4 b-tagged jets",trsm_4b-mix_4-1M-chi2_pairing_08,51,2025-03-25 17:20:43.798905,,
855147,854853,44853,45147,100000,100000,0.4207664132118225,0.80332,0.8853678522,"TRSM, 4 mass mixed, 4b SPANet pairing, 4 b-tagged jets",trsm_4b-mix_4-1M-4b_SPANet_pairing_04,49,2025-03-25 17:23:50.590845,,
854894,855106,45106,44894,100000,100000,0.4386374354362488,0.79367,0.8733755785999999,"TRSM, 4 mass mixed, chi2 pairing, 4 b-tagged jets",trsm_4b-mix_4-1M-chi2_pairing_09,48,2025-03-25 17:28:45.593564,,
855147,854853,44853,45147,100000,100000,0.4199202358722687,0.80431,0.8861813624,"TRSM, 4 mass mixed, 4b SPANet pairing, 4 b-tagged jets",trsm_4b-mix_4-1M-4b_SPANet_pairing_05,43,2025-03-25 17:31:06.897428,,
854894,855106,45106,44894,100000,100000,0.4366676807403564,0.795335,0.874390031,"TRSM, 4 mass mixed, chi2 pairing, 4 b-tagged jets",trsm_4b-mix_4-1M-chi2_pairing_10,39,2025-03-25 17:35:27.976249,,
855147,854853,44853,45147,100000,100000,0.4203726053237915,0.804595,0.8854069616,"TRSM, 4 mass mixed, 4b SPANet pairing, 4 b-tagged jets",trsm_4b-mix_4-1M-4b_SPANet_pairing_06,35,2025-03-25 17:37:09.011775,,
854894,855106,45106,44894,100000,100000,0.4343929588794708,0.796175,0.8761472988000001,"TRSM, 4 mass mixed, Absolute value pairing, 4 b-tagged jets",trsm_4b-mix_4-1M-abs_pairing_01,44,2025-03-25 17:42:46.762203,,
855147,854853,44853,45147,100000,100000,0.4204342067241668,0.804355,0.8858778554,"TRSM, 4 mass mixed, 4b SPANet pairing, 4 b-tagged jets",trsm_4b-mix_4-1M-4b_SPANet_pairing_07,60,2025-03-25 17:46:58.854367,,
854894,855106,45106,44894,100000,100000,0.4340053796768188,0.796975,0.8765468688,"TRSM, 4 mass mixed, Absolute value pairing, 4 b-tagged jets",trsm_4b-mix_4-1M-abs_pairing_02,36,2025-03-25 17:48:44.395715,,
855147,854853,44853,45147,100000,100000,0.4201029539108276,0.80454,0.885676025,"TRSM, 4 mass mixed, 4b SPANet pairing, 4 b-tagged jets",trsm_4b-mix_4-1M-4b_SPANet_pairing_08,52,2025-03-25 17:55:48.082113,,
854894,855106,45106,44894,100000,100000,0.4350902438163757,0.79609,0.8758023122,"TRSM, 4 mass mixed, Absolute value pairing, 4 b-tagged jets",trsm_4b-mix_4-1M-abs_pairing_03,52,2025-03-25 17:57:02.526910,,
855147,854853,44853,45147,100000,100000,0.4216062128543854,0.802765,0.8847717422,"TRSM, 4 mass mixed, 4b SPANet pairing, 4 b-tagged jets",trsm_4b-mix_4-1M-4b_SPANet_pairing_09,35,2025-03-25 18:01:44.387384,,
854894,855106,45106,44894,100000,100000,0.4365501701831817,0.79553,0.8750616515999999,"TRSM, 4 mass mixed, Absolute value pairing, 4 b-tagged jets",trsm_4b-mix_4-1M-abs_pairing_04,46,2025-03-25 18:04:39.649229,,
855147,854853,44853,45147,100000,100000,0.4209970831871032,0.80334,0.885198769,"TRSM, 4 mass mixed, 4b SPANet pairing, 4 b-tagged jets",trsm_4b-mix_4-1M-4b_SPANet_pairing_10,43,2025-03-25 18:09:01.466042,,
854894,855106,45106,44894,100000,100000,0.4352007508277893,0.796575,0.875751512,"TRSM, 4 mass mixed, Absolute value pairing, 4 b-tagged jets",trsm_4b-mix_4-1M-abs_pairing_05,36,2025-03-25 18:10:44.451554,,
2564987,855013,135013,44987,300000,100000,0.3494500517845154,0.859785,0.8772433214666666,"TRSM, 4 mass mixed, Absolute value pairing, 4 b-tagged jets",trsm_4b-mix_4-750k-abs_pairing_01,42,2025-04-02 09:37:25.648860,0.83431,0.90452804
2564987,855013,135013,44987,300000,100000,0.353432685136795,0.8584975,0.8740450165333333,"TRSM, 4 mass mixed, chi2 pairing, 4 b-tagged jets",trsm_4b-mix_4-750k-chi2_pairing_01,51,2025-04-02 09:39:21.981601,0.83301,0.9023983176
2564987,855013,135013,44987,300000,100000,0.354082703590393,0.85845,0.8736909093999998,"TRSM, 4 mass mixed, chi2 pairing, 4 b-tagged jets",trsm_4b-mix_4-750k-chi2_pairing_02,32,2025-04-02 09:49:09.987448,0.83235,0.9015284614
2564987,855013,135013,44987,300000,100000,0.3510304987430572,0.8597125,0.8759509978666666,"TRSM, 4 mass mixed, Absolute value pairing, 4 b-tagged jets",trsm_4b-mix_4-750k-abs_pairing_02,47,2025-04-02 09:51:34.965456,0.83517,0.9051239514
2564987,855013,135013,44987,300000,100000,0.3517003059387207,0.8598575,0.8757817593166666,"TRSM, 4 mass mixed, Absolute value pairing, 4 b-tagged jets",trsm_4b-mix_4-750k-abs_pairing_03,29,2025-04-02 10:00:38.889774,0.83459,0.9045849898
2564987,855013,135013,44987,300000,100000,0.3534038960933685,0.858625,0.8739314713333334,"TRSM, 4 mass mixed, chi2 pairing, 4 b-tagged jets",trsm_4b-mix_4-750k-chi2_pairing_03,56,2025-04-02 10:06:00.741651,0.83397,0.9027249584
2564987,855013,135013,44987,300000,100000,0.351358950138092,0.8596975,0.8761165414166667,"TRSM, 4 mass mixed, Absolute value pairing, 4 b-tagged jets",trsm_4b-mix_4-750k-abs_pairing_04,49,2025-04-02 10:15:09.714733,0.83355,0.9043450212
2564987,855013,135013,44987,300000,100000,0.3537138700485229,0.85857,0.8737784832,"TRSM, 4 mass mixed, chi2 pairing, 4 b-tagged jets",trsm_4b-mix_4-750k-chi2_pairing_04,47,2025-04-02 10:20:02.782668,0.83335,0.9029225401999998
2564987,855013,135013,44987,300000,100000,0.3515827059745788,0.859835,0.8755941875333334,"TRSM, 4 mass mixed, Absolute value pairing, 4 b-tagged jets",trsm_4b-mix_4-750k-abs_pairing_05,39,2025-04-02 10:26:42.116110,0.83459,0.9052483198
2564987,855013,135013,44987,300000,100000,0.3532927334308624,0.85839,0.8738786255333333,"TRSM, 4 mass mixed, chi2 pairing, 4 b-tagged jets",trsm_4b-mix_4-750k-chi2_pairing_05,40,2025-04-02 10:31:57.552459,0.8331,0.9029252532
2564987,855013,135013,44987,300000,100000,0.3513841331005096,0.85952,0.8757539574,"TRSM, 4 mass mixed, Absolute value pairing, 4 b-tagged jets",trsm_4b-mix_4-750k-abs_pairing_06,41,2025-04-02 10:38:51.336920,0.83434,0.9057863896
2564987,855013,135013,44987,300000,100000,0.3536202013492584,0.8585775,0.8740402024666667,"TRSM, 4 mass mixed, chi2 pairing, 4 b-tagged jets",trsm_4b-mix_4-750k-chi2_pairing_06,34,2025-04-02 10:42:23.955119,0.83209,0.9011601086
2564987,855013,135013,44987,300000,100000,0.3504509329795837,0.8594,0.8769701851166667,"TRSM, 4 mass mixed, Absolute value pairing, 4 b-tagged jets",trsm_4b-mix_4-750k-abs_pairing_07,34,2025-04-02 10:49:05.302264,0.83377,0.903903128
2564987,855013,135013,44987,300000,100000,0.3534558117389679,0.858535,0.8741431336500001,"TRSM, 4 mass mixed, chi2 pairing, 4 b-tagged jets",trsm_4b-mix_4-750k-chi2_pairing_07,45,2025-04-02 10:55:57.914671,0.83317,0.9022370122
2564987,855013,135013,44987,300000,100000,0.3504027724266052,0.85963,0.8765959745833333,"TRSM, 4 mass mixed, Absolute value pairing, 4 b-tagged jets",trsm_4b-mix_4-750k-abs_pairing_08,41,2025-04-02 11:01:47.285310,0.83489,0.904787139
2564987,855013,135013,44987,300000,100000,0.3526844084262848,0.8584475,0.8746507126666667,"TRSM, 4 mass mixed, chi2 pairing, 4 b-tagged jets",trsm_4b-mix_4-750k-chi2_pairing_08,39,2025-04-02 11:07:58.163840,0.83296,0.9017435778
2564987,855013,135013,44987,300000,100000,0.3508048057556152,0.859645,0.87625982005,"TRSM, 4 mass mixed, Absolute value pairing, 4 b-tagged jets",trsm_4b-mix_4-750k-abs_pairing_09,38,2025-04-02 11:13:06.953198,0.83491,0.904798908
2564987,855013,135013,44987,300000,100000,0.3526459634304046,0.8587,0.8743870455166666,"TRSM, 4 mass mixed, chi2 pairing, 4 b-tagged jets",trsm_4b-mix_4-750k-chi2_pairing_09,49,2025-04-02 11:22:27.719827,0.83246,0.9021314364
2564987,855013,135013,44987,300000,100000,0.3504598736763,0.8597125,0.87658977455,"TRSM, 4 mass mixed, Absolute value pairing, 4 b-tagged jets",trsm_4b-mix_4-750k-abs_pairing_10,40,2025-04-02 11:25:04.334108,0.83446,0.9042408984
2564987,855013,135013,44987,300000,100000,0.3540413975715637,0.85836,0.8733003653666667,"TRSM, 4 mass mixed, chi2 pairing, 4 b-tagged jets",trsm_4b-mix_4-750k-chi2_pairing_10,34,2025-04-02 11:33:09.168658,0.83343,0.9017580136
2564935,855065,135065,44935,300000,100000,0.3376785516738891,0.8640125,0.8878389296,"TRSM, 4 mass mixed, 4b SPANet pairing, 4 b-tagged jets",trsm_4b-mix_4-750k-4b_SPANet_pairing_01,39,2025-04-02 14:26:38.474562,0.8362,0.9081856778
2564935,855065,135065,44935,300000,100000,0.3367099165916443,0.864,0.8885505525500002,"TRSM, 4 mass mixed, 4b SPANet pairing, 4 b-tagged jets",trsm_4b-mix_4-750k-4b_SPANet_pairing_06,49,2025-04-02 14:29:15.928982,0.8356,0.907947495
2564935,855065,135065,44935,300000,100000,0.3381108939647674,0.8639025,0.8878129146,"TRSM, 4 mass mixed, 4b SPANet pairing, 4 b-tagged jets",trsm_4b-mix_4-750k-4b_SPANet_pairing_02,35,2025-04-02 14:37:24.402978,0.83626,0.9083179296
2564935,855065,135065,44935,300000,100000,0.3374544084072113,0.864165,0.8878092296,"TRSM, 4 mass mixed, 4b SPANet pairing, 4 b-tagged jets",trsm_4b-mix_4-750k-4b_SPANet_pairing_07,46,2025-04-02 14:43:15.962839,0.8364,0.9080879862
2564935,855065,135065,44935,300000,100000,0.3377825319766998,0.8639025,0.8871059106666666,"TRSM, 4 mass mixed, 4b SPANet pairing, 4 b-tagged jets",trsm_4b-mix_4-750k-4b_SPANet_pairing_03,44,2025-04-02 14:50:31.638846,0.83639,0.9084510886
2564935,855065,135065,44935,300000,100000,0.3372154831886291,0.8639125,0.8884667481000001,"TRSM, 4 mass mixed, 4b SPANet pairing, 4 b-tagged jets",trsm_4b-mix_4-750k-4b_SPANet_pairing_08,34,2025-04-02 14:53:30.531599,0.83523,0.9076727252
2564935,855065,135065,44935,300000,100000,0.3373867869377136,0.86383,0.8881502796833334,"TRSM, 4 mass mixed, 4b SPANet pairing, 4 b-tagged jets",trsm_4b-mix_4-750k-4b_SPANet_pairing_09,44,2025-04-02 15:06:33.878433,0.8366,0.90877832
2564935,855065,135065,44935,300000,100000,0.3369816541671753,0.864195,0.8887330962666666,"TRSM, 4 mass mixed, 4b SPANet pairing, 4 b-tagged jets",trsm_4b-mix_4-750k-4b_SPANet_pairing_04,57,2025-04-02 15:07:16.860413,0.83574,0.907979947
2564935,855065,135065,44935,300000,100000,0.3370147347450256,0.8641925,0.8886490384,"TRSM, 4 mass mixed, 4b SPANet pairing, 4 b-tagged jets",trsm_4b-mix_4-750k-4b_SPANet_pairing_10,38,2025-04-02 15:18:03.021209,0.83643,0.9086018724
2564935,855065,135065,44935,300000,100000,0.3377480804920196,0.864355,0.8880306020666667,"TRSM, 4 mass mixed, 4b SPANet pairing, 4 b-tagged jets",trsm_4b-mix_4-750k-4b_SPANet_pairing_05,47,2025-04-02 15:21:16.328175,0.83576,0.9083613634
1187471,950029,62529,49971,250000,50000,0.3867342174053192,0.8933333333333333,0.878669461,"TRSM, 4 mass mixed, chi2 pairing, 4 b-tagged jets",trsm_4b-mix_5-250k-chi2_pairing_01,45,2025-04-08 09:42:22.062017,0.8317,0.900583912
1187471,950029,62529,49971,250000,50000,0.3832671642303467,0.8935233333333333,0.880306883,"TRSM, 4 mass mixed, Absolute value pairing, 4 b-tagged jets",trsm_4b-mix_5-250k-abs_pairing_01,51,2025-04-08 09:43:32.166247,0.83212,0.9018306848
1187471,950029,62529,49971,250000,50000,0.3798471391201019,0.8933933333333334,0.87838304236,"TRSM, 4 mass mixed, chi2 pairing, 4 b-tagged jets",trsm_4b-mix_5-250k-chi2_pairing_02,31,2025-04-08 09:48:27.251729,0.82968,0.8995030676
1187471,950029,62529,49971,250000,50000,0.3797065615653991,0.8935433333333334,0.8806980267599999,"TRSM, 4 mass mixed, Absolute value pairing, 4 b-tagged jets",trsm_4b-mix_5-250k-abs_pairing_02,39,2025-04-08 09:51:15.597454,0.83226,0.9012761784
1187471,950029,62529,49971,250000,50000,0.3848441541194916,0.8930333333333333,0.8782811272000001,"TRSM, 4 mass mixed, chi2 pairing, 4 b-tagged jets",trsm_4b-mix_5-250k-chi2_pairing_03,32,2025-04-08 09:54:56.168623,0.83114,0.9001021417999999
1187471,950029,62529,49971,250000,50000,0.3822801113128662,0.89401,0.8808819882,"TRSM, 4 mass mixed, Absolute value pairing, 4 b-tagged jets",trsm_4b-mix_5-250k-abs_pairing_03,35,2025-04-08 09:58:11.469841,0.83324,0.9022786244
1187471,950029,62529,49971,250000,50000,0.3788709342479706,0.8933966666666666,0.87911251232,"TRSM, 4 mass mixed, chi2 pairing, 4 b-tagged jets",trsm_4b-mix_5-250k-chi2_pairing_04,36,2025-04-08 10:01:59.517448,0.83059,0.8996712276000001
1187471,950029,62529,49971,250000,50000,0.3809419274330139,0.89376,0.88060750376,"TRSM, 4 mass mixed, Absolute value pairing, 4 b-tagged jets",trsm_4b-mix_5-250k-abs_pairing_04,53,2025-04-08 10:08:21.837884,0.83203,0.9015786108
1187471,950029,62529,49971,250000,50000,0.3875623047351837,0.8934566666666667,0.8786529954000001,"TRSM, 4 mass mixed, chi2 pairing, 4 b-tagged jets",trsm_4b-mix_5-250k-chi2_pairing_05,46,2025-04-08 10:10:49.886642,0.8309,0.9004780612
1187471,950029,62529,49971,250000,50000,0.3843341171741485,0.89369,0.88064515684,"TRSM, 4 mass mixed, Absolute value pairing, 4 b-tagged jets",trsm_4b-mix_5-250k-abs_pairing_05,45,2025-04-08 10:16:58.482258,0.83377,0.9025447368
1187471,950029,62529,49971,250000,50000,0.3805633783340454,0.8931566666666667,0.8782570109999999,"TRSM, 4 mass mixed, chi2 pairing, 4 b-tagged jets",trsm_4b-mix_5-250k-chi2_pairing_06,36,2025-04-08 10:17:47.274340,0.83135,0.8999832176000001
1187471,950029,62529,49971,250000,50000,0.3779723048210144,0.8935166666666666,0.8806487253999999,"TRSM, 4 mass mixed, Absolute value pairing, 4 b-tagged jets",trsm_4b-mix_5-250k-abs_pairing_06,42,2025-04-08 10:25:09.702458,0.83308,0.9029086574
1187471,950029,62529,49971,250000,50000,0.3740725815296173,0.89299,0.8782596300000001,"TRSM, 4 mass mixed, chi2 pairing, 4 b-tagged jets",trsm_4b-mix_5-250k-chi2_pairing_07,42,2025-04-08 10:25:47.871403,0.83107,0.9003883468
1187471,950029,62529,49971,250000,50000,0.3847382664680481,0.8934566666666667,0.8784572939999999,"TRSM, 4 mass mixed, chi2 pairing, 4 b-tagged jets",trsm_4b-mix_5-250k-chi2_pairing_08,44,2025-04-08 10:34:10.893938,0.83166,0.9009187184
1187471,950029,62529,49971,250000,50000,0.3774424493312835,0.8937566666666666,0.8809453836000001,"TRSM, 4 mass mixed, Absolute value pairing, 4 b-tagged jets",trsm_4b-mix_5-250k-abs_pairing_07,53,2025-04-08 10:35:15.801212,0.8332,0.9028913278
1187471,950029,62529,49971,250000,50000,0.3837629854679107,0.8934333333333333,0.8791206572400001,"TRSM, 4 mass mixed, chi2 pairing, 4 b-tagged jets",trsm_4b-mix_5-250k-chi2_pairing_09,39,2025-04-08 10:41:53.776292,0.82937,0.8988677428
1187471,950029,62529,49971,250000,50000,0.3811132311820984,0.89332,0.8808873042,"TRSM, 4 mass mixed, Absolute value pairing, 4 b-tagged jets",trsm_4b-mix_5-250k-abs_pairing_08,49,2025-04-08 10:44:53.670749,0.83283,0.9023664646
1187471,950029,62529,49971,250000,50000,0.3770267963409424,0.89314,0.87869572,"TRSM, 4 mass mixed, chi2 pairing, 4 b-tagged jets",trsm_4b-mix_5-250k-chi2_pairing_10,45,2025-04-08 10:50:37.225481,0.83067,0.9001690133999999
1187471,950029,62529,49971,250000,50000,0.3783690333366394,0.8935733333333333,0.88066145916,"TRSM, 4 mass mixed, Absolute value pairing, 4 b-tagged jets",trsm_4b-mix_5-250k-abs_pairing_09,52,2025-04-08 10:54:54.182655,0.83295,0.9024875042
1187471,950029,62529,49971,250000,50000,0.3752911388874054,0.89476,0.8840873866000001,"TRSM, 4 mass mixed, 4b SPANet pairing, 4 b-tagged jets",trsm_4b-mix_5-250k-4b_SPANet_pairing_01,42,2025-04-08 10:58:52.428470,0.83096,0.903277824
1187471,950029,62529,49971,250000,50000,0.37696373462677,0.89373,0.8806404651999999,"TRSM, 4 mass mixed, Absolute value pairing, 4 b-tagged jets",trsm_4b-mix_5-250k-abs_pairing_10,34,2025-04-08 11:01:42.384708,0.83343,0.9024849154
1187471,950029,62529,49971,250000,50000,0.3797130286693573,0.8947866666666666,0.8839751259999999,"TRSM, 4 mass mixed, 4b SPANet pairing, 4 b-tagged jets",trsm_4b-mix_5-250k-4b_SPANet_pairing_02,33,2025-04-08 11:05:19.827802,0.83165,0.9032145964
1187471,950029,62529,49971,250000,50000,0.380781352519989,0.8951533333333334,0.8846242268,"TRSM, 4 mass mixed, 4b SPANet pairing, 4 b-tagged jets",trsm_4b-mix_5-250k-4b_SPANet_pairing_06,55,2025-04-08 11:12:44.751487,0.83031,0.90281718
1187471,950029,62529,49971,250000,50000,0.3785860538482666,0.8946566666666667,0.8845335919999999,"TRSM, 4 mass mixed, 4b SPANet pairing, 4 b-tagged jets",trsm_4b-mix_5-250k-4b_SPANet_pairing_03,40,2025-04-08 11:13:35.781397,0.82988,0.902490762
1187471,950029,62529,49971,250000,50000,0.3752638101577759,0.8948,0.8843857533999999,"TRSM, 4 mass mixed, 4b SPANet pairing, 4 b-tagged jets",trsm_4b-mix_5-250k-4b_SPANet_pairing_07,38,2025-04-08 11:20:16.480529,0.83083,0.903102899
1187471,950029,62529,49971,250000,50000,0.3811148405075073,0.8948033333333333,0.8843724654,"TRSM, 4 mass mixed, 4b SPANet pairing, 4 b-tagged jets",trsm_4b-mix_5-250k-4b_SPANet_pairing_04,42,2025-04-08 11:21:45.545758,0.83109,0.9031859816
1187471,950029,62529,49971,250000,50000,0.3731637895107269,0.8948033333333333,0.8841988664,"TRSM, 4 mass mixed, 4b SPANet pairing, 4 b-tagged jets",trsm_4b-mix_5-250k-4b_SPANet_pairing_08,43,2025-04-08 11:28:38.051683,0.83084,0.9027122696
1187471,950029,62529,49971,250000,50000,0.3748067915439605,0.8949,0.88435162664,"TRSM, 4 mass mixed, 4b SPANet pairing, 4 b-tagged jets",trsm_4b-mix_5-250k-4b_SPANet_pairing_05,66,2025-04-08 11:34:16.357388,0.83017,0.9026771644
1187471,950029,62529,49971,250000,50000,0.3780460953712463,0.8949166666666667,0.8843886248,"TRSM, 4 mass mixed, 4b SPANet pairing, 4 b-tagged jets",trsm_4b-mix_5-250k-4b_SPANet_pairing_09,51,2025-04-08 11:38:33.519367,0.83095,0.9026591254
1187471,950029,62529,49971,250000,50000,0.3809168338775635,0.8947266666666667,0.8843177430000001,"TRSM, 4 mass mixed, 4b SPANet pairing, 4 b-tagged jets",trsm_4b-mix_5-250k-4b_SPANet_pairing_10,53,2025-04-08 11:48:58.498210,0.83109,0.9028668956
4749793,950207,250207,49793,250000,50000,0.2770602107048034,0.89705,0.88281883556,"TRSM, 5 mass mixed, Absolute value pairing, 4 b-tagged jets",trsm_4b-mix_5-1M-abs_pairing_06,33,2025-04-10 15:12:08.256896,0.83281,0.9022495822
4749793,950207,250207,49793,250000,50000,0.2782136797904968,0.8964266666666667,0.88139636324,"TRSM, 5 mass mixed, chi2 pairing, 4 b-tagged jets",trsm_4b-mix_5-1M-chi2_pairing_01,61,2025-04-10 15:26:43.708030,0.83063,0.9006084682
4749793,950207,250207,49793,250000,50000,0.2694935202598572,0.8991433333333333,0.89104263652,"TRSM, 5 mass mixed, 4b SPANet pairing: mix-5, 1M, 4 b-tagged jets",trsm_4b-mix_5-1M-4b_SPANet_pairing-mix_5-1M_01,46,2025-04-10 15:51:27.558860,0.83308,0.9059886354
4749793,950207,250207,49793,250000,50000,0.2768187224864959,0.89735,0.88267582432,"TRSM, 5 mass mixed, Absolute value pairing, 4 b-tagged jets",trsm_4b-mix_5-1M-abs_pairing_01,46,2025-04-10 15:52:05.886503,0.83134,0.9018902681999998
4749793,950207,250207,49793,250000,50000,0.2768702805042267,0.8970733333333333,0.88271500416,"TRSM, 5 mass mixed, Absolute value pairing, 4 b-tagged jets",trsm_4b-mix_5-1M-abs_pairing_07,33,2025-04-10 16:08:18.992211,0.8335,0.9022490628
4749793,950207,250207,49793,250000,50000,0.2782818377017975,0.89644,0.88146592816,"TRSM, 5 mass mixed, chi2 pairing, 4 b-tagged jets",trsm_4b-mix_5-1M-chi2_pairing_02,48,2025-04-10 16:16:02.178127,0.83124,0.9000525725999999
4749793,950207,250207,49793,250000,50000,0.278491735458374,0.8966033333333333,0.88124978916,"TRSM, 5 mass mixed, chi2 pairing, 4 b-tagged jets",trsm_4b-mix_5-1M-chi2_pairing_03,35,2025-04-10 16:33:05.022016,0.83079,0.8995068056
4749793,950207,250207,49793,250000,50000,0.2769284546375274,0.8971,0.8827288124000001,"TRSM, 5 mass mixed, Absolute value pairing, 4 b-tagged jets",trsm_4b-mix_5-1M-abs_pairing_08,61,2025-04-10 16:38:39.051300,0.83267,0.9027048338
4749793,950207,250207,49793,250000,50000,0.2782506346702575,0.8966866666666666,0.8816387118800001,"TRSM, 5 mass mixed, chi2 pairing, 4 b-tagged jets",trsm_4b-mix_5-1M-chi2_pairing_04,45,2025-04-10 16:56:11.058940,0.83073,0.9003568605999999
4749793,950207,250207,49793,250000,50000,0.27716726064682,0.89709,0.88243664952,"TRSM, 5 mass mixed, Absolute value pairing, 4 b-tagged jets",trsm_4b-mix_5-1M-abs_pairing_09,40,2025-04-10 16:58:34.431100,0.83275,0.9026090142
4749793,950207,250207,49793,250000,50000,0.2784500420093536,0.8964633333333333,0.88128892684,"TRSM, 5 mass mixed, chi2 pairing, 4 b-tagged jets",trsm_4b-mix_5-1M-chi2_pairing_05,44,2025-04-10 17:18:03.007664,0.83206,0.9013354224
4749793,950207,250207,49793,250000,50000,0.2768531143665313,0.8970866666666667,0.8827216923200001,"TRSM, 5 mass mixed, Absolute value pairing, 4 b-tagged jets",trsm_4b-mix_5-1M-abs_pairing_10,53,2025-04-10 17:24:37.437786,0.83372,0.9038368292
4749793,950207,250207,49793,250000,50000,0.2697983086109161,0.8990533333333334,0.8906491369999999,"TRSM, 5 mass mixed, 4b SPANet pairing: mix-5, 1M, 4 b-tagged jets",trsm_4b-mix_5-1M-4b_SPANet_pairing-mix_5-1M_02,27,2025-04-10 17:37:30.446852,0.83283,0.9058087758
4749793,950207,250207,49793,250000,50000,0.2783055603504181,0.89667,0.8814074705600001,"TRSM, 5 mass mixed, chi2 pairing, 4 b-tagged jets",trsm_4b-mix_5-1M-chi2_pairing_06,63,2025-04-10 17:48:09.998732,0.83083,0.9002100668
4749793,950207,250207,49793,250000,50000,0.2696649730205536,0.8988433333333333,0.8908436824799999,"TRSM, 5 mass mixed, 4b SPANet pairing: mix-5, 1M, 4 b-tagged jets",trsm_4b-mix_5-1M-4b_SPANet_pairing-mix_5-1M_03,41,2025-04-10 17:56:57.829276,0.83253,0.9056117652
4749793,950207,250207,49793,250000,50000,0.2785583436489105,0.8963766666666667,0.88114078768,"TRSM, 5 mass mixed, chi2 pairing, 4 b-tagged jets",trsm_4b-mix_5-1M-chi2_pairing_07,34,2025-04-10 18:04:45.923342,0.83132,0.9004929317999999
4749793,950207,250207,49793,250000,50000,0.2700450420379638,0.8985166666666666,0.89053691752,"TRSM, 5 mass mixed, 4b SPANet pairing: mix-5, 1M, 4 b-tagged jets",trsm_4b-mix_5-1M-4b_SPANet_pairing-mix_5-1M_04,26,2025-04-10 18:09:37.639870,0.83226,0.9053295572
4749793,950207,250207,49793,250000,50000,0.2784495949745178,0.8964633333333333,0.8812739688800001,"TRSM, 5 mass mixed, chi2 pairing, 4 b-tagged jets",trsm_4b-mix_5-1M-chi2_pairing_08,48,2025-04-10 18:27:29.919419,0.83141,0.9008074028
4749793,950207,250207,49793,250000,50000,0.2697049975395202,0.8987733333333333,0.89081631896,"TRSM, 5 mass mixed, 4b SPANet pairing: mix-5, 1M, 4 b-tagged jets",trsm_4b-mix_5-1M-4b_SPANet_pairing-mix_5-1M_05,39,2025-04-10 18:28:19.659456,0.83203,0.9057638194
4749793,950207,250207,49793,250000,50000,0.2697362005710602,0.8990733333333333,0.8909145913600001,"TRSM, 5 mass mixed, 4b SPANet pairing: mix-5, 1M, 4 b-tagged jets",trsm_4b-mix_5-1M-4b_SPANet_pairing-mix_5-1M_06,34,2025-04-10 18:44:41.295961,0.83254,0.9055364110000002
4749793,950207,250207,49793,250000,50000,0.2784060537815094,0.8966166666666666,0.8812186484,"TRSM, 5 mass mixed, chi2 pairing, 4 b-tagged jets",trsm_4b-mix_5-1M-chi2_pairing_09,40,2025-04-10 18:46:39.693168,0.83083,0.9002499961999999
4749793,950207,250207,49793,250000,50000,0.2694003283977508,0.8990866666666667,0.89103474688,"TRSM, 5 mass mixed, 4b SPANet pairing: mix-5, 1M, 4 b-tagged jets",trsm_4b-mix_5-1M-4b_SPANet_pairing-mix_5-1M_07,38,2025-04-10 19:03:12.024130,0.83269,0.9059283416
4749793,950207,250207,49793,250000,50000,0.2780781686306,0.89654,0.8816055362,"TRSM, 5 mass mixed, chi2 pairing, 4 b-tagged jets",trsm_4b-mix_5-1M-chi2_pairing_10,57,2025-04-10 19:14:31.084862,0.82977,0.8991706728
4749793,950207,250207,49793,250000,50000,0.2698837518692016,0.8988166666666667,0.89092919376,"TRSM, 5 mass mixed, 4b SPANet pairing: mix-5, 1M, 4 b-tagged jets",trsm_4b-mix_5-1M-4b_SPANet_pairing-mix_5-1M_08,29,2025-04-10 19:17:15.679031,0.83186,0.9053500644
4749793,950207,250207,49793,250000,50000,0.2698414623737335,0.89873,0.8908795552,"TRSM, 5 mass mixed, 4b SPANet pairing: mix-5, 1M, 4 b-tagged jets",trsm_4b-mix_5-1M-4b_SPANet_pairing-mix_5-1M_09,25,2025-04-10 19:29:14.616674,0.83255,0.905779024
4749793,950207,250207,49793,250000,50000,0.2769013941287994,0.8968966666666667,0.8826173605200001,"TRSM, 5 mass mixed, Absolute value pairing, 4 b-tagged jets",trsm_4b-mix_5-1M-abs_pairing_02,48,2025-04-10 19:37:47.109535,0.83324,0.9035081828
4749793,950207,250207,49793,250000,50000,0.2699348628520965,0.8988766666666667,0.89042058072,"TRSM, 5 mass mixed, 4b SPANet pairing: mix-5, 1M, 4 b-tagged jets",trsm_4b-mix_5-1M-4b_SPANet_pairing-mix_5-1M_10,28,2025-04-10 19:43:14.336407,0.83259,0.9054063168
4749793,950207,250207,49793,250000,50000,0.2769306600093841,0.8969533333333334,0.8826753693200001,"TRSM, 5 mass mixed, Absolute value pairing, 4 b-tagged jets",trsm_4b-mix_5-1M-abs_pairing_03,39,2025-04-10 19:56:48.557789,0.83314,0.9030556834
4749793,950207,250207,49793,250000,50000,0.2771317958831787,0.8970433333333333,0.88251437008,"TRSM, 5 mass mixed, Absolute value pairing, 4 b-tagged jets",trsm_4b-mix_5-1M-abs_pairing_04,34,2025-04-10 20:13:14.022432,0.83263,0.9018835336
4749793,950207,250207,49793,250000,50000,0.2766843736171722,0.8971833333333333,0.8827387199200001,"TRSM, 5 mass mixed, Absolute value pairing, 4 b-tagged jets",trsm_4b-mix_5-1M-abs_pairing_05,44,2025-04-10 20:34:22.195798,0.83259,0.902484909
4749793,950207,250207,49793,250000,50000,0.2781442701816559,0.8964866666666667,0.88399621744,"TRSM, 5 mass mixed, 4b SPANet pairing: mix-5, 1M, 4 b-tagged jets",trsm_4b-mix_5-1M-4b_SPANet_pairing-mix_5-1M-24_nodes-01,29,2025-04-28 18:58:41.387671,0.82767,0.9003802028
4749793,950207,250207,49793,250000,50000,0.2874477803707123,0.89365,0.873467094,"TRSM, 5 mass mixed, chi2 pairing, 4 b-tagged jets",trsm_4b-mix_5-1M-chi2_pairing-24_nodes-01,45,2025-04-28 19:04:33.473742,0.8264,0.8927826948
4749793,950207,250207,49793,250000,50000,0.2869296669960022,0.8937633333333334,0.87387362384,"TRSM, 5 mass mixed, Absolute value pairing, 4 b-tagged jets",trsm_4b-mix_5-1M-abs_pairing-24_nodes-06,35,2025-04-28 19:16:54.263090,0.82696,0.8949762361999999
4749793,950207,250207,49793,250000,50000,0.2874278426170349,0.8935,0.87340460148,"TRSM, 5 mass mixed, chi2 pairing, 4 b-tagged jets",trsm_4b-mix_5-1M-chi2_pairing-24_nodes-02,33,2025-04-28 19:20:23.035508,0.82516,0.8918109294000001
4749793,950207,250207,49793,250000,50000,0.2876176834106445,0.8935033333333333,0.87320432032,"TRSM, 5 mass mixed, chi2 pairing, 4 b-tagged jets",trsm_4b-mix_5-1M-chi2_pairing-24_nodes-03,31,2025-04-28 19:35:12.252195,0.82496,0.8922125792
4749793,950207,250207,49793,250000,50000,0.2865446805953979,0.8937733333333333,0.8741303955599999,"TRSM, 5 mass mixed, Absolute value pairing, 4 b-tagged jets",trsm_4b-mix_5-1M-abs_pairing-24_nodes-07,37,2025-04-28 19:36:13.667965,0.82843,0.8954976276
4749793,950207,250207,49793,250000,50000,0.2877395451068878,0.8937133333333334,0.87292017448,"TRSM, 5 mass mixed, chi2 pairing, 4 b-tagged jets",trsm_4b-mix_5-1M-chi2_pairing-24_nodes-04,34,2025-04-28 19:51:20.167552,0.82522,0.8917474026
4749793,950207,250207,49793,250000,50000,0.2866581380367279,0.8941,0.87385184008,"TRSM, 5 mass mixed, Absolute value pairing, 4 b-tagged jets",trsm_4b-mix_5-1M-abs_pairing-24_nodes-08,35,2025-04-28 19:54:29.740559,0.8261,0.8942297473999999
4749793,950207,250207,49793,250000,50000,0.2877949178218841,0.8934333333333333,0.87326393192,"TRSM, 5 mass mixed, chi2 pairing, 4 b-tagged jets",trsm_4b-mix_5-1M-chi2_pairing-24_nodes-05,22,2025-04-28 20:02:39.186464,0.82478,0.8928863132
4749793,950207,250207,49793,250000,50000,0.2867330014705658,0.89394,0.87430515472,"TRSM, 5 mass mixed, Absolute value pairing, 4 b-tagged jets",trsm_4b-mix_5-1M-abs_pairing-24_nodes-09,32,2025-04-28 20:10:43.732758,0.82689,0.8946550258
4749793,950207,250207,49793,250000,50000,0.2868586182594299,0.8938733333333333,0.8736532986,"TRSM, 5 mass mixed, chi2 pairing, 4 b-tagged jets",trsm_4b-mix_5-1M-chi2_pairing-24_nodes-06,40,2025-04-28 20:22:24.865700,0.82626,0.8933047652000001
4749793,950207,250207,49793,250000,50000,0.2856863141059875,0.89437,0.87526410696,"TRSM, 5 mass mixed, Absolute value pairing, 4 b-tagged jets",trsm_4b-mix_5-1M-abs_pairing-24_nodes-10,37,2025-04-28 20:29:48.249446,0.82706,0.8954022338000001
4749793,950207,250207,49793,250000,50000,0.2881076633930206,0.8933966666666666,0.87287430308,"TRSM, 5 mass mixed, chi2 pairing, 4 b-tagged jets",trsm_4b-mix_5-1M-chi2_pairing-24_nodes-07,22,2025-04-28 20:32:54.057358,0.82536,0.891697528
4749793,950207,250207,49793,250000,50000,0.2777057290077209,0.8966666666666666,0.8836757588399999,"TRSM, 5 mass mixed, 4b SPANet pairing: mix-5, 1M, 4 b-tagged jets",trsm_4b-mix_5-1M-4b_SPANet_pairing-mix_5-1M-24_nodes-02,26,2025-04-28 20:43:31.227076,0.82816,0.9004074894
4749793,950207,250207,49793,250000,50000,0.2878293395042419,0.8934566666666667,0.87314961344,"TRSM, 5 mass mixed, chi2 pairing, 4 b-tagged jets",trsm_4b-mix_5-1M-chi2_pairing-24_nodes-08,29,2025-04-28 20:46:55.136817,0.82602,0.8933039984000002
4749793,950207,250207,49793,250000,50000,0.2768206894397735,0.8968766666666667,0.8846996594,"TRSM, 5 mass mixed, 4b SPANet pairing: mix-5, 1M, 4 b-tagged jets",trsm_4b-mix_5-1M-4b_SPANet_pairing-mix_5-1M-24_nodes-03,28,2025-04-28 20:57:47.058910,0.82903,0.9012409014
4749793,950207,250207,49793,250000,50000,0.2877366542816162,0.8938133333333333,0.8734379316,"TRSM, 5 mass mixed, chi2 pairing, 4 b-tagged jets",trsm_4b-mix_5-1M-chi2_pairing-24_nodes-09,30,2025-04-28 21:01:23.422153,0.82491,0.8913923694000001
4749793,950207,250207,49793,250000,50000,0.2778662145137787,0.89671,0.88360400536,"TRSM, 5 mass mixed, 4b SPANet pairing: mix-5, 1M, 4 b-tagged jets",trsm_4b-mix_5-1M-4b_SPANet_pairing-mix_5-1M-24_nodes-04,23,2025-04-28 21:09:41.230902,0.82885,0.9001940902
4749793,950207,250207,49793,250000,50000,0.2873468101024627,0.8934266666666667,0.87352923644,"TRSM, 5 mass mixed, chi2 pairing, 4 b-tagged jets",trsm_4b-mix_5-1M-chi2_pairing-24_nodes-10,32,2025-04-28 21:16:40.095946,0.8264,0.8934657770000001
4749793,950207,250207,49793,250000,50000,0.2785170078277588,0.8963666666666666,0.8835313280800001,"TRSM, 5 mass mixed, 4b SPANet pairing: mix-5, 1M, 4 b-tagged jets",trsm_4b-mix_5-1M-4b_SPANet_pairing-mix_5-1M-24_nodes-05,34,2025-04-28 21:27:22.500886,0.82824,0.900225456
4749793,950207,250207,49793,250000,50000,0.2867792844772339,0.8941666666666667,0.87485182772,"TRSM, 5 mass mixed, Absolute value pairing, 4 b-tagged jets",trsm_4b-mix_5-1M-abs_pairing-24_nodes-01,41,2025-04-28 21:36:12.570578,0.8264,0.8950532459999999
4749793,950207,250207,49793,250000,50000,0.2777824103832245,0.8964833333333333,0.88346421528,"TRSM, 5 mass mixed, 4b SPANet pairing: mix-5, 1M, 4 b-tagged jets",trsm_4b-mix_5-1M-4b_SPANet_pairing-mix_5-1M-24_nodes-06,17,2025-04-28 21:36:15.216489,0.82843,0.9004239776
4749793,950207,250207,49793,250000,50000,0.278008371591568,0.89667,0.88364044692,"TRSM, 5 mass mixed, 4b SPANet pairing: mix-5, 1M, 4 b-tagged jets",trsm_4b-mix_5-1M-4b_SPANet_pairing-mix_5-1M-24_nodes-07,22,2025-04-28 21:47:49.482919,0.8279,0.9003881396
4749793,950207,250207,49793,250000,50000,0.2868337631225586,0.8938466666666667,0.8743924394,"TRSM, 5 mass mixed, Absolute value pairing, 4 b-tagged jets",trsm_4b-mix_5-1M-abs_pairing-24_nodes-02,30,2025-04-28 21:50:33.321544,0.82653,0.8947037699999999
4749793,950207,250207,49793,250000,50000,0.2781811356544494,0.8962366666666667,0.88322591576,"TRSM, 5 mass mixed, 4b SPANet pairing: mix-5, 1M, 4 b-tagged jets",trsm_4b-mix_5-1M-4b_SPANet_pairing-mix_5-1M-24_nodes-08,16,2025-04-28 21:56:10.879683,0.82652,0.8994174359999999
4749793,950207,250207,49793,250000,50000,0.2870194315910339,0.89367,0.87412657952,"TRSM, 5 mass mixed, Absolute value pairing, 4 b-tagged jets",trsm_4b-mix_5-1M-abs_pairing-24_nodes-03,22,2025-04-28 22:01:04.070993,0.82763,0.8957951976
4749793,950207,250207,49793,250000,50000,0.2785568535327911,0.89634,0.88300540288,"TRSM, 5 mass mixed, 4b SPANet pairing: mix-5, 1M, 4 b-tagged jets",trsm_4b-mix_5-1M-4b_SPANet_pairing-mix_5-1M-24_nodes-09,16,2025-04-28 22:04:16.673937,0.82825,0.9002075544
4749793,950207,250207,49793,250000,50000,0.2860895097255707,0.8939866666666667,0.87474965484,"TRSM, 5 mass mixed, Absolute value pairing, 4 b-tagged jets",trsm_4b-mix_5-1M-abs_pairing-24_nodes-04,41,2025-04-28 22:20:49.891041,0.82638,0.8945536915999999
4749793,950207,250207,49793,250000,50000,0.2782642543315887,0.89629,0.8834738188,"TRSM, 5 mass mixed, 4b SPANet pairing: mix-5, 1M, 4 b-tagged jets",trsm_4b-mix_5-1M-4b_SPANet_pairing-mix_5-1M-24_nodes-10,33,2025-04-28 22:20:55.133332,0.82792,0.8997359406000001
4749793,950207,250207,49793,250000,50000,0.2868786752223968,0.89373,0.8742286239599999,"TRSM, 5 mass mixed, Absolute value pairing, 4 b-tagged jets",trsm_4b-mix_5-1M-abs_pairing-24_nodes-05,24,2025-04-28 22:32:49.376830,0.82709,0.8950869095999999
712659,142341,37534,7466,250000,50000,0.4080829322338104,0.89206,0.87031560196,"TRSM, 5 mass mixed, chi2 pairing, 4 b-tagged jets",trsm_4b-mix_5-150k-chi2_pairing-24_nodes-01,20,2025-04-29 10:46:23.445103,0.82212,0.8893952884
712659,142341,37534,7466,250000,50000,0.4009179770946502,0.89296,0.8716504481599999,"TRSM, 5 mass mixed, chi2 pairing, 4 b-tagged jets",trsm_4b-mix_5-150k-chi2_pairing-24_nodes-02,35,2025-04-29 10:49:44.494176,0.82499,0.8914040276000001
712659,142341,37534,7466,250000,50000,0.3997435867786407,0.8957566666666666,0.8823152761999999,"TRSM, 5 mass mixed, 4b SPANet pairing: mix-5, 1M, 4 b-tagged jets",trsm_4b-mix_5-1M-4b_SPANet_pairing-mix_5-150k-24_nodes-01,24,2025-04-29 10:50:44.825202,0.82841,0.8996182716
712659,142341,37534,7466,250000,50000,0.4125608801841736,0.89186,0.86794588144,"TRSM, 5 mass mixed, chi2 pairing, 4 b-tagged jets",trsm_4b-mix_5-150k-chi2_pairing-24_nodes-03,20,2025-04-29 10:51:55.286675,0.82303,0.8883202325999999
712659,142341,37534,7466,250000,50000,0.4070746004581451,0.89265,0.8718632710399999,"TRSM, 5 mass mixed, Absolute value pairing, 4 b-tagged jets",trsm_4b-mix_5-150k-abs_pairing-24_nodes-06,23,2025-04-29 10:53:08.209897,0.82526,0.8909305756
712659,142341,37534,7466,250000,50000,0.406869500875473,0.8914666666666666,0.86746675528,"TRSM, 5 mass mixed, chi2 pairing, 4 b-tagged jets",trsm_4b-mix_5-150k-chi2_pairing-24_nodes-04,16,2025-04-29 10:53:48.251124,0.82238,0.8876656912
712659,142341,37534,7466,250000,50000,0.4082249402999878,0.8923733333333334,0.87225686564,"TRSM, 5 mass mixed, Absolute value pairing, 4 b-tagged jets",trsm_4b-mix_5-150k-abs_pairing-24_nodes-07,25,2025-04-29 10:55:42.188927,0.82443,0.8923013148000001
712659,142341,37534,7466,250000,50000,0.4022916853427887,0.8930166666666667,0.87209759848,"TRSM, 5 mass mixed, chi2 pairing, 4 b-tagged jets",trsm_4b-mix_5-150k-chi2_pairing-24_nodes-05,40,2025-04-29 10:57:25.633471,0.82633,0.891681666
712659,142341,37534,7466,250000,50000,0.4081570506095886,0.89253,0.8718625548000001,"TRSM, 5 mass mixed, Absolute value pairing, 4 b-tagged jets",trsm_4b-mix_5-150k-abs_pairing-24_nodes-08,23,2025-04-29 10:58:10.622831,0.82665,0.8935588754
712659,142341,37534,7466,250000,50000,0.4033874869346618,0.8925066666666667,0.87179515216,"TRSM, 5 mass mixed, chi2 pairing, 4 b-tagged jets",trsm_4b-mix_5-150k-chi2_pairing-24_nodes-06,27,2025-04-29 11:00:03.862244,0.82523,0.8905733612000001
712659,142341,37534,7466,250000,50000,0.413102239370346,0.8926733333333333,0.87278498296,"TRSM, 5 mass mixed, Absolute value pairing, 4 b-tagged jets",trsm_4b-mix_5-150k-abs_pairing-24_nodes-09,37,2025-04-29 11:01:40.934274,0.82627,0.8937105406
712659,142341,37534,7466,250000,50000,0.3940454125404358,0.8926066666666667,0.871795458,"TRSM, 5 mass mixed, chi2 pairing, 4 b-tagged jets",trsm_4b-mix_5-150k-chi2_pairing-24_nodes-07,39,2025-04-29 11:03:35.040540,0.82398,0.8898098332
712659,142341,37534,7466,250000,50000,0.4011329114437103,0.8927466666666667,0.87167636796,"TRSM, 5 mass mixed, Absolute value pairing, 4 b-tagged jets",trsm_4b-mix_5-150k-abs_pairing-24_nodes-10,22,2025-04-29 11:04:02.552314,0.82593,0.8930962708
712659,142341,37534,7466,250000,50000,0.4083162546157837,0.8923566666666667,0.87077218344,"TRSM, 5 mass mixed, chi2 pairing, 4 b-tagged jets",trsm_4b-mix_5-150k-chi2_pairing-24_nodes-08,24,2025-04-29 11:06:01.700573,0.82387,0.8882199775999999
712659,142341,37534,7466,250000,50000,0.4075435400009155,0.89543,0.88197553704,"TRSM, 5 mass mixed, 4b SPANet pairing: mix-5, 1M, 4 b-tagged jets",trsm_4b-mix_5-1M-4b_SPANet_pairing-mix_5-150k-24_nodes-02,21,2025-04-29 11:06:18.414742,0.82797,0.8994766879999999
712659,142341,37534,7466,250000,50000,0.3907482922077179,0.89233,0.8711848114399999,"TRSM, 5 mass mixed, chi2 pairing, 4 b-tagged jets",trsm_4b-mix_5-150k-chi2_pairing-24_nodes-09,25,2025-04-29 11:08:33.964710,0.8239,0.8895515936
712659,142341,37534,7466,250000,50000,0.3918490409851074,0.8959433333333333,0.8830507644000001,"TRSM, 5 mass mixed, 4b SPANet pairing: mix-5, 1M, 4 b-tagged jets",trsm_4b-mix_5-1M-4b_SPANet_pairing-mix_5-150k-24_nodes-03,28,2025-04-29 11:09:06.914856,0.82843,0.9001568637999999
712659,142341,37534,7466,250000,50000,0.4067714810371399,0.8924066666666667,0.87163715004,"TRSM, 5 mass mixed, chi2 pairing, 4 b-tagged jets",trsm_4b-mix_5-150k-chi2_pairing-24_nodes-10,26,2025-04-29 11:11:11.827390,0.82502,0.8910013936
712659,142341,37534,7466,250000,50000,0.3829028010368347,0.8954066666666667,0.8813862144400001,"TRSM, 5 mass mixed, 4b SPANet pairing: mix-5, 1M, 4 b-tagged jets",trsm_4b-mix_5-1M-4b_SPANet_pairing-mix_5-150k-24_nodes-04,20,2025-04-29 11:11:17.960583,0.82702,0.8976727122
712659,142341,37534,7466,250000,50000,0.4066407680511474,0.8927433333333333,0.8724410496400001,"TRSM, 5 mass mixed, Absolute value pairing, 4 b-tagged jets",trsm_4b-mix_5-150k-abs_pairing-24_nodes-01,27,2025-04-29 11:13:50.147233,0.82563,0.8922820548
712659,142341,37534,7466,250000,50000,0.3950318098068237,0.89572,0.8825600165199999,"TRSM, 5 mass mixed, 4b SPANet pairing: mix-5, 1M, 4 b-tagged jets",trsm_4b-mix_5-1M-4b_SPANet_pairing-mix_5-150k-24_nodes-05,29,2025-04-29 11:14:12.319042,0.82714,0.8992008647999999
712659,142341,37534,7466,250000,50000,0.3991729319095611,0.8929166666666667,0.8733063789200001,"TRSM, 5 mass mixed, Absolute value pairing, 4 b-tagged jets",trsm_4b-mix_5-150k-abs_pairing-24_nodes-02,35,2025-04-29 11:17:04.495986,0.82534,0.8933147716000001
712659,142341,37534,7466,250000,50000,0.3807375133037567,0.89593,0.88319558468,"TRSM, 5 mass mixed, 4b SPANet pairing: mix-5, 1M, 4 b-tagged jets",trsm_4b-mix_5-1M-4b_SPANet_pairing-mix_5-150k-24_nodes-06,29,2025-04-29 11:17:05.998366,0.82717,0.899287282
712659,142341,37534,7466,250000,50000,0.4182862341403961,0.8925666666666666,0.8722142993600002,"TRSM, 5 mass mixed, Absolute value pairing, 4 b-tagged jets",trsm_4b-mix_5-150k-abs_pairing-24_nodes-03,25,2025-04-29 11:19:35.882675,0.82396,0.8923380214000001
712659,142341,37534,7466,250000,50000,0.4023751318454742,0.8954266666666667,0.88214045388,"TRSM, 5 mass mixed, 4b SPANet pairing: mix-5, 1M, 4 b-tagged jets",trsm_4b-mix_5-1M-4b_SPANet_pairing-mix_5-150k-24_nodes-07,26,2025-04-29 11:19:42.274468,0.8279,0.898828959
712659,142341,37534,7466,250000,50000,0.3952776491641998,0.8957566666666666,0.8819339883200001,"TRSM, 5 mass mixed, 4b SPANet pairing: mix-5, 1M, 4 b-tagged jets",trsm_4b-mix_5-1M-4b_SPANet_pairing-mix_5-150k-24_nodes-08,21,2025-04-29 11:21:55.614685,0.827,0.8997347898000001
712659,142341,37534,7466,250000,50000,0.4060741662979126,0.8930333333333333,0.8733479239199999,"TRSM, 5 mass mixed, Absolute value pairing, 4 b-tagged jets",trsm_4b-mix_5-150k-abs_pairing-24_nodes-04,44,2025-04-29 11:23:30.217188,0.82607,0.8940109348
712659,142341,37534,7466,250000,50000,0.3919077515602112,0.8953233333333334,0.8819332701599999,"TRSM, 5 mass mixed, 4b SPANet pairing: mix-5, 1M, 4 b-tagged jets",trsm_4b-mix_5-1M-4b_SPANet_pairing-mix_5-150k-24_nodes-09,21,2025-04-29 11:24:10.283274,0.82813,0.8989712174
712659,142341,37534,7466,250000,50000,0.3959652781486511,0.8954033333333333,0.88055191332,"TRSM, 5 mass mixed, 4b SPANet pairing: mix-5, 1M, 4 b-tagged jets",trsm_4b-mix_5-1M-4b_SPANet_pairing-mix_5-150k-24_nodes-10,18,2025-04-29 11:26:11.151691,0.82628,0.8975523498
712659,142341,37534,7466,250000,50000,0.40386345982551575,0.8926833333333334,0.8719339474,"TRSM, 5 mass mixed, Absolute value pairing, 4 b-tagged jets",trsm_4b-mix_5-150k-abs_pairing-24_nodes-05,30,2025-04-29 11:26:27.590083,0.82595,0.8933347157999999
